[2025-07-06T11:39:56.093+0000] {processor.py:157} INFO - Started process (PID=43) to work on /opt/airflow/dags/online_retail_etl.py
[2025-07-06T11:39:56.095+0000] {processor.py:826} INFO - Processing file /opt/airflow/dags/online_retail_etl.py for tasks to queue
[2025-07-06T11:39:56.097+0000] {logging_mixin.py:150} INFO - [2025-07-06T11:39:56.097+0000] {dagbag.py:541} INFO - Filling up the DagBag from /opt/airflow/dags/online_retail_etl.py
[2025-07-06T11:39:56.119+0000] {logging_mixin.py:150} INFO - [2025-07-06T11:39:56.118+0000] {templater.py:77} ERROR - Failed to resolve template field 'sql'
Traceback (most recent call last):
  File "/home/airflow/.local/lib/python3.7/site-packages/airflow/template/templater.py", line 75, in resolve_template_files
    setattr(self, field, env.loader.get_source(env, content)[0])  # type: ignore
  File "/home/airflow/.local/lib/python3.7/site-packages/jinja2/loaders.py", line 218, in get_source
    raise TemplateNotFound(template)
jinja2.exceptions.TemplateNotFound: sql/migrations/001_initial_schema.sql
[2025-07-06T11:39:56.125+0000] {processor.py:836} INFO - DAG(s) dict_keys(['online_retail_etl']) retrieved from /opt/airflow/dags/online_retail_etl.py
[2025-07-06T11:39:56.262+0000] {logging_mixin.py:150} INFO - [2025-07-06T11:39:56.262+0000] {manager.py:504} INFO - Created Permission View: can edit on DAG:online_retail_etl
[2025-07-06T11:39:56.265+0000] {logging_mixin.py:150} INFO - [2025-07-06T11:39:56.265+0000] {manager.py:504} INFO - Created Permission View: can read on DAG:online_retail_etl
[2025-07-06T11:39:56.268+0000] {logging_mixin.py:150} INFO - [2025-07-06T11:39:56.268+0000] {manager.py:504} INFO - Created Permission View: can delete on DAG:online_retail_etl
[2025-07-06T11:39:56.277+0000] {logging_mixin.py:150} INFO - [2025-07-06T11:39:56.277+0000] {dag.py:2742} INFO - Sync 1 DAGs
[2025-07-06T11:39:56.286+0000] {logging_mixin.py:150} INFO - [2025-07-06T11:39:56.286+0000] {dag.py:2763} INFO - Creating ORM DAG for online_retail_etl
[2025-07-06T11:39:56.294+0000] {logging_mixin.py:150} INFO - [2025-07-06T11:39:56.294+0000] {dag.py:3508} INFO - Setting next_dagrun for online_retail_etl to 2025-07-05T00:00:00+00:00, run_after=2025-07-06T00:00:00+00:00
[2025-07-06T11:39:56.306+0000] {processor.py:179} INFO - Processing /opt/airflow/dags/online_retail_etl.py took 0.216 seconds
[2025-07-06T11:40:26.406+0000] {processor.py:157} INFO - Started process (PID=44) to work on /opt/airflow/dags/online_retail_etl.py
[2025-07-06T11:40:26.407+0000] {processor.py:826} INFO - Processing file /opt/airflow/dags/online_retail_etl.py for tasks to queue
[2025-07-06T11:40:26.409+0000] {logging_mixin.py:150} INFO - [2025-07-06T11:40:26.408+0000] {dagbag.py:541} INFO - Filling up the DagBag from /opt/airflow/dags/online_retail_etl.py
[2025-07-06T11:40:26.436+0000] {logging_mixin.py:150} INFO - [2025-07-06T11:40:26.434+0000] {templater.py:77} ERROR - Failed to resolve template field 'sql'
Traceback (most recent call last):
  File "/home/airflow/.local/lib/python3.7/site-packages/airflow/template/templater.py", line 75, in resolve_template_files
    setattr(self, field, env.loader.get_source(env, content)[0])  # type: ignore
  File "/home/airflow/.local/lib/python3.7/site-packages/jinja2/loaders.py", line 218, in get_source
    raise TemplateNotFound(template)
jinja2.exceptions.TemplateNotFound: sql/migrations/001_initial_schema.sql
[2025-07-06T11:40:26.441+0000] {processor.py:836} INFO - DAG(s) dict_keys(['online_retail_etl']) retrieved from /opt/airflow/dags/online_retail_etl.py
[2025-07-06T11:40:26.479+0000] {logging_mixin.py:150} INFO - [2025-07-06T11:40:26.478+0000] {dag.py:2742} INFO - Sync 1 DAGs
[2025-07-06T11:40:26.500+0000] {logging_mixin.py:150} INFO - [2025-07-06T11:40:26.500+0000] {dag.py:3508} INFO - Setting next_dagrun for online_retail_etl to 2025-07-05T00:00:00+00:00, run_after=2025-07-06T00:00:00+00:00
[2025-07-06T11:40:26.512+0000] {processor.py:179} INFO - Processing /opt/airflow/dags/online_retail_etl.py took 0.112 seconds
[2025-07-06T11:40:56.802+0000] {processor.py:157} INFO - Started process (PID=45) to work on /opt/airflow/dags/online_retail_etl.py
[2025-07-06T11:40:56.805+0000] {processor.py:826} INFO - Processing file /opt/airflow/dags/online_retail_etl.py for tasks to queue
[2025-07-06T11:40:56.808+0000] {logging_mixin.py:150} INFO - [2025-07-06T11:40:56.807+0000] {dagbag.py:541} INFO - Filling up the DagBag from /opt/airflow/dags/online_retail_etl.py
[2025-07-06T11:40:56.826+0000] {logging_mixin.py:150} INFO - [2025-07-06T11:40:56.825+0000] {templater.py:77} ERROR - Failed to resolve template field 'sql'
Traceback (most recent call last):
  File "/home/airflow/.local/lib/python3.7/site-packages/airflow/template/templater.py", line 75, in resolve_template_files
    setattr(self, field, env.loader.get_source(env, content)[0])  # type: ignore
  File "/home/airflow/.local/lib/python3.7/site-packages/jinja2/loaders.py", line 218, in get_source
    raise TemplateNotFound(template)
jinja2.exceptions.TemplateNotFound: sql/migrations/001_initial_schema.sql
[2025-07-06T11:40:56.829+0000] {processor.py:836} INFO - DAG(s) dict_keys(['online_retail_etl']) retrieved from /opt/airflow/dags/online_retail_etl.py
[2025-07-06T11:40:56.853+0000] {logging_mixin.py:150} INFO - [2025-07-06T11:40:56.853+0000] {dag.py:2742} INFO - Sync 1 DAGs
[2025-07-06T11:40:56.869+0000] {logging_mixin.py:150} INFO - [2025-07-06T11:40:56.869+0000] {dag.py:3508} INFO - Setting next_dagrun for online_retail_etl to 2025-07-05T00:00:00+00:00, run_after=2025-07-06T00:00:00+00:00
[2025-07-06T11:40:56.879+0000] {processor.py:179} INFO - Processing /opt/airflow/dags/online_retail_etl.py took 0.081 seconds
[2025-07-06T11:41:27.096+0000] {processor.py:157} INFO - Started process (PID=46) to work on /opt/airflow/dags/online_retail_etl.py
[2025-07-06T11:41:27.097+0000] {processor.py:826} INFO - Processing file /opt/airflow/dags/online_retail_etl.py for tasks to queue
[2025-07-06T11:41:27.099+0000] {logging_mixin.py:150} INFO - [2025-07-06T11:41:27.098+0000] {dagbag.py:541} INFO - Filling up the DagBag from /opt/airflow/dags/online_retail_etl.py
[2025-07-06T11:41:27.123+0000] {logging_mixin.py:150} INFO - [2025-07-06T11:41:27.122+0000] {templater.py:77} ERROR - Failed to resolve template field 'sql'
Traceback (most recent call last):
  File "/home/airflow/.local/lib/python3.7/site-packages/airflow/template/templater.py", line 75, in resolve_template_files
    setattr(self, field, env.loader.get_source(env, content)[0])  # type: ignore
  File "/home/airflow/.local/lib/python3.7/site-packages/jinja2/loaders.py", line 218, in get_source
    raise TemplateNotFound(template)
jinja2.exceptions.TemplateNotFound: sql/migrations/001_initial_schema.sql
[2025-07-06T11:41:27.128+0000] {processor.py:836} INFO - DAG(s) dict_keys(['online_retail_etl']) retrieved from /opt/airflow/dags/online_retail_etl.py
[2025-07-06T11:41:27.151+0000] {logging_mixin.py:150} INFO - [2025-07-06T11:41:27.151+0000] {dag.py:2742} INFO - Sync 1 DAGs
[2025-07-06T11:41:27.167+0000] {logging_mixin.py:150} INFO - [2025-07-06T11:41:27.167+0000] {dag.py:3508} INFO - Setting next_dagrun for online_retail_etl to 2025-07-05T00:00:00+00:00, run_after=2025-07-06T00:00:00+00:00
[2025-07-06T11:41:27.177+0000] {processor.py:179} INFO - Processing /opt/airflow/dags/online_retail_etl.py took 0.087 seconds
[2025-07-06T11:41:57.360+0000] {processor.py:157} INFO - Started process (PID=47) to work on /opt/airflow/dags/online_retail_etl.py
[2025-07-06T11:41:57.362+0000] {processor.py:826} INFO - Processing file /opt/airflow/dags/online_retail_etl.py for tasks to queue
[2025-07-06T11:41:57.363+0000] {logging_mixin.py:150} INFO - [2025-07-06T11:41:57.363+0000] {dagbag.py:541} INFO - Filling up the DagBag from /opt/airflow/dags/online_retail_etl.py
[2025-07-06T11:41:57.387+0000] {logging_mixin.py:150} INFO - [2025-07-06T11:41:57.386+0000] {templater.py:77} ERROR - Failed to resolve template field 'sql'
Traceback (most recent call last):
  File "/home/airflow/.local/lib/python3.7/site-packages/airflow/template/templater.py", line 75, in resolve_template_files
    setattr(self, field, env.loader.get_source(env, content)[0])  # type: ignore
  File "/home/airflow/.local/lib/python3.7/site-packages/jinja2/loaders.py", line 218, in get_source
    raise TemplateNotFound(template)
jinja2.exceptions.TemplateNotFound: sql/migrations/001_initial_schema.sql
[2025-07-06T11:41:57.391+0000] {processor.py:836} INFO - DAG(s) dict_keys(['online_retail_etl']) retrieved from /opt/airflow/dags/online_retail_etl.py
[2025-07-06T11:41:57.417+0000] {logging_mixin.py:150} INFO - [2025-07-06T11:41:57.417+0000] {dag.py:2742} INFO - Sync 1 DAGs
[2025-07-06T11:41:57.434+0000] {logging_mixin.py:150} INFO - [2025-07-06T11:41:57.434+0000] {dag.py:3508} INFO - Setting next_dagrun for online_retail_etl to 2025-07-05T00:00:00+00:00, run_after=2025-07-06T00:00:00+00:00
[2025-07-06T11:41:57.445+0000] {processor.py:179} INFO - Processing /opt/airflow/dags/online_retail_etl.py took 0.091 seconds
[2025-07-06T11:42:27.681+0000] {processor.py:157} INFO - Started process (PID=48) to work on /opt/airflow/dags/online_retail_etl.py
[2025-07-06T11:42:27.683+0000] {processor.py:826} INFO - Processing file /opt/airflow/dags/online_retail_etl.py for tasks to queue
[2025-07-06T11:42:27.684+0000] {logging_mixin.py:150} INFO - [2025-07-06T11:42:27.684+0000] {dagbag.py:541} INFO - Filling up the DagBag from /opt/airflow/dags/online_retail_etl.py
[2025-07-06T11:42:27.702+0000] {logging_mixin.py:150} INFO - [2025-07-06T11:42:27.701+0000] {templater.py:77} ERROR - Failed to resolve template field 'sql'
Traceback (most recent call last):
  File "/home/airflow/.local/lib/python3.7/site-packages/airflow/template/templater.py", line 75, in resolve_template_files
    setattr(self, field, env.loader.get_source(env, content)[0])  # type: ignore
  File "/home/airflow/.local/lib/python3.7/site-packages/jinja2/loaders.py", line 218, in get_source
    raise TemplateNotFound(template)
jinja2.exceptions.TemplateNotFound: sql/migrations/001_initial_schema.sql
[2025-07-06T11:42:27.706+0000] {processor.py:836} INFO - DAG(s) dict_keys(['online_retail_etl']) retrieved from /opt/airflow/dags/online_retail_etl.py
[2025-07-06T11:42:27.734+0000] {logging_mixin.py:150} INFO - [2025-07-06T11:42:27.734+0000] {dag.py:2742} INFO - Sync 1 DAGs
[2025-07-06T11:42:27.753+0000] {logging_mixin.py:150} INFO - [2025-07-06T11:42:27.753+0000] {dag.py:3508} INFO - Setting next_dagrun for online_retail_etl to 2025-07-05T00:00:00+00:00, run_after=2025-07-06T00:00:00+00:00
[2025-07-06T11:42:27.767+0000] {processor.py:179} INFO - Processing /opt/airflow/dags/online_retail_etl.py took 0.090 seconds
[2025-07-06T11:42:57.983+0000] {processor.py:157} INFO - Started process (PID=49) to work on /opt/airflow/dags/online_retail_etl.py
[2025-07-06T11:42:57.984+0000] {processor.py:826} INFO - Processing file /opt/airflow/dags/online_retail_etl.py for tasks to queue
[2025-07-06T11:42:57.985+0000] {logging_mixin.py:150} INFO - [2025-07-06T11:42:57.985+0000] {dagbag.py:541} INFO - Filling up the DagBag from /opt/airflow/dags/online_retail_etl.py
[2025-07-06T11:42:58.024+0000] {logging_mixin.py:150} INFO - [2025-07-06T11:42:58.023+0000] {templater.py:77} ERROR - Failed to resolve template field 'sql'
Traceback (most recent call last):
  File "/home/airflow/.local/lib/python3.7/site-packages/airflow/template/templater.py", line 75, in resolve_template_files
    setattr(self, field, env.loader.get_source(env, content)[0])  # type: ignore
  File "/home/airflow/.local/lib/python3.7/site-packages/jinja2/loaders.py", line 218, in get_source
    raise TemplateNotFound(template)
jinja2.exceptions.TemplateNotFound: sql/migrations/001_initial_schema.sql
[2025-07-06T11:42:58.027+0000] {processor.py:836} INFO - DAG(s) dict_keys(['online_retail_etl']) retrieved from /opt/airflow/dags/online_retail_etl.py
[2025-07-06T11:42:58.058+0000] {logging_mixin.py:150} INFO - [2025-07-06T11:42:58.058+0000] {dag.py:2742} INFO - Sync 1 DAGs
[2025-07-06T11:42:58.080+0000] {logging_mixin.py:150} INFO - [2025-07-06T11:42:58.080+0000] {dag.py:3508} INFO - Setting next_dagrun for online_retail_etl to 2025-07-05T00:00:00+00:00, run_after=2025-07-06T00:00:00+00:00
[2025-07-06T11:42:58.096+0000] {processor.py:179} INFO - Processing /opt/airflow/dags/online_retail_etl.py took 0.120 seconds
[2025-07-06T11:43:28.324+0000] {processor.py:157} INFO - Started process (PID=50) to work on /opt/airflow/dags/online_retail_etl.py
[2025-07-06T11:43:28.326+0000] {processor.py:826} INFO - Processing file /opt/airflow/dags/online_retail_etl.py for tasks to queue
[2025-07-06T11:43:28.327+0000] {logging_mixin.py:150} INFO - [2025-07-06T11:43:28.326+0000] {dagbag.py:541} INFO - Filling up the DagBag from /opt/airflow/dags/online_retail_etl.py
[2025-07-06T11:43:28.350+0000] {logging_mixin.py:150} INFO - [2025-07-06T11:43:28.349+0000] {templater.py:77} ERROR - Failed to resolve template field 'sql'
Traceback (most recent call last):
  File "/home/airflow/.local/lib/python3.7/site-packages/airflow/template/templater.py", line 75, in resolve_template_files
    setattr(self, field, env.loader.get_source(env, content)[0])  # type: ignore
  File "/home/airflow/.local/lib/python3.7/site-packages/jinja2/loaders.py", line 218, in get_source
    raise TemplateNotFound(template)
jinja2.exceptions.TemplateNotFound: sql/migrations/001_initial_schema.sql
[2025-07-06T11:43:28.355+0000] {processor.py:836} INFO - DAG(s) dict_keys(['online_retail_etl']) retrieved from /opt/airflow/dags/online_retail_etl.py
[2025-07-06T11:43:28.381+0000] {logging_mixin.py:150} INFO - [2025-07-06T11:43:28.381+0000] {dag.py:2742} INFO - Sync 1 DAGs
[2025-07-06T11:43:28.400+0000] {logging_mixin.py:150} INFO - [2025-07-06T11:43:28.400+0000] {dag.py:3508} INFO - Setting next_dagrun for online_retail_etl to 2025-07-05T00:00:00+00:00, run_after=2025-07-06T00:00:00+00:00
[2025-07-06T11:43:28.412+0000] {processor.py:179} INFO - Processing /opt/airflow/dags/online_retail_etl.py took 0.094 seconds
[2025-07-06T11:43:58.570+0000] {processor.py:157} INFO - Started process (PID=51) to work on /opt/airflow/dags/online_retail_etl.py
[2025-07-06T11:43:58.572+0000] {processor.py:826} INFO - Processing file /opt/airflow/dags/online_retail_etl.py for tasks to queue
[2025-07-06T11:43:58.573+0000] {logging_mixin.py:150} INFO - [2025-07-06T11:43:58.572+0000] {dagbag.py:541} INFO - Filling up the DagBag from /opt/airflow/dags/online_retail_etl.py
[2025-07-06T11:43:58.606+0000] {logging_mixin.py:150} INFO - [2025-07-06T11:43:58.605+0000] {templater.py:77} ERROR - Failed to resolve template field 'sql'
Traceback (most recent call last):
  File "/home/airflow/.local/lib/python3.7/site-packages/airflow/template/templater.py", line 75, in resolve_template_files
    setattr(self, field, env.loader.get_source(env, content)[0])  # type: ignore
  File "/home/airflow/.local/lib/python3.7/site-packages/jinja2/loaders.py", line 218, in get_source
    raise TemplateNotFound(template)
jinja2.exceptions.TemplateNotFound: sql/migrations/001_initial_schema.sql
[2025-07-06T11:43:58.609+0000] {processor.py:836} INFO - DAG(s) dict_keys(['online_retail_etl']) retrieved from /opt/airflow/dags/online_retail_etl.py
[2025-07-06T11:43:58.640+0000] {logging_mixin.py:150} INFO - [2025-07-06T11:43:58.639+0000] {dag.py:2742} INFO - Sync 1 DAGs
[2025-07-06T11:43:58.660+0000] {logging_mixin.py:150} INFO - [2025-07-06T11:43:58.660+0000] {dag.py:3508} INFO - Setting next_dagrun for online_retail_etl to 2025-07-05T00:00:00+00:00, run_after=2025-07-06T00:00:00+00:00
[2025-07-06T11:43:58.672+0000] {processor.py:179} INFO - Processing /opt/airflow/dags/online_retail_etl.py took 0.108 seconds
[2025-07-06T11:44:28.906+0000] {processor.py:157} INFO - Started process (PID=52) to work on /opt/airflow/dags/online_retail_etl.py
[2025-07-06T11:44:28.907+0000] {processor.py:826} INFO - Processing file /opt/airflow/dags/online_retail_etl.py for tasks to queue
[2025-07-06T11:44:28.908+0000] {logging_mixin.py:150} INFO - [2025-07-06T11:44:28.908+0000] {dagbag.py:541} INFO - Filling up the DagBag from /opt/airflow/dags/online_retail_etl.py
[2025-07-06T11:44:28.938+0000] {logging_mixin.py:150} INFO - [2025-07-06T11:44:28.937+0000] {templater.py:77} ERROR - Failed to resolve template field 'sql'
Traceback (most recent call last):
  File "/home/airflow/.local/lib/python3.7/site-packages/airflow/template/templater.py", line 75, in resolve_template_files
    setattr(self, field, env.loader.get_source(env, content)[0])  # type: ignore
  File "/home/airflow/.local/lib/python3.7/site-packages/jinja2/loaders.py", line 218, in get_source
    raise TemplateNotFound(template)
jinja2.exceptions.TemplateNotFound: sql/migrations/001_initial_schema.sql
[2025-07-06T11:44:28.942+0000] {processor.py:836} INFO - DAG(s) dict_keys(['online_retail_etl']) retrieved from /opt/airflow/dags/online_retail_etl.py
[2025-07-06T11:44:28.972+0000] {logging_mixin.py:150} INFO - [2025-07-06T11:44:28.972+0000] {dag.py:2742} INFO - Sync 1 DAGs
[2025-07-06T11:44:28.992+0000] {logging_mixin.py:150} INFO - [2025-07-06T11:44:28.992+0000] {dag.py:3508} INFO - Setting next_dagrun for online_retail_etl to 2025-07-05T00:00:00+00:00, run_after=2025-07-06T00:00:00+00:00
[2025-07-06T11:44:29.004+0000] {processor.py:179} INFO - Processing /opt/airflow/dags/online_retail_etl.py took 0.106 seconds
[2025-07-06T11:44:59.258+0000] {processor.py:157} INFO - Started process (PID=53) to work on /opt/airflow/dags/online_retail_etl.py
[2025-07-06T11:44:59.259+0000] {processor.py:826} INFO - Processing file /opt/airflow/dags/online_retail_etl.py for tasks to queue
[2025-07-06T11:44:59.261+0000] {logging_mixin.py:150} INFO - [2025-07-06T11:44:59.260+0000] {dagbag.py:541} INFO - Filling up the DagBag from /opt/airflow/dags/online_retail_etl.py
[2025-07-06T11:44:59.288+0000] {logging_mixin.py:150} INFO - [2025-07-06T11:44:59.286+0000] {templater.py:77} ERROR - Failed to resolve template field 'sql'
Traceback (most recent call last):
  File "/home/airflow/.local/lib/python3.7/site-packages/airflow/template/templater.py", line 75, in resolve_template_files
    setattr(self, field, env.loader.get_source(env, content)[0])  # type: ignore
  File "/home/airflow/.local/lib/python3.7/site-packages/jinja2/loaders.py", line 218, in get_source
    raise TemplateNotFound(template)
jinja2.exceptions.TemplateNotFound: sql/migrations/001_initial_schema.sql
[2025-07-06T11:44:59.293+0000] {processor.py:836} INFO - DAG(s) dict_keys(['online_retail_etl']) retrieved from /opt/airflow/dags/online_retail_etl.py
[2025-07-06T11:44:59.323+0000] {logging_mixin.py:150} INFO - [2025-07-06T11:44:59.323+0000] {dag.py:2742} INFO - Sync 1 DAGs
[2025-07-06T11:44:59.342+0000] {logging_mixin.py:150} INFO - [2025-07-06T11:44:59.342+0000] {dag.py:3508} INFO - Setting next_dagrun for online_retail_etl to 2025-07-05T00:00:00+00:00, run_after=2025-07-06T00:00:00+00:00
[2025-07-06T11:44:59.353+0000] {processor.py:179} INFO - Processing /opt/airflow/dags/online_retail_etl.py took 0.103 seconds
[2025-07-06T11:45:29.541+0000] {processor.py:157} INFO - Started process (PID=54) to work on /opt/airflow/dags/online_retail_etl.py
[2025-07-06T11:45:29.542+0000] {processor.py:826} INFO - Processing file /opt/airflow/dags/online_retail_etl.py for tasks to queue
[2025-07-06T11:45:29.543+0000] {logging_mixin.py:150} INFO - [2025-07-06T11:45:29.543+0000] {dagbag.py:541} INFO - Filling up the DagBag from /opt/airflow/dags/online_retail_etl.py
[2025-07-06T11:45:29.567+0000] {logging_mixin.py:150} INFO - [2025-07-06T11:45:29.566+0000] {templater.py:77} ERROR - Failed to resolve template field 'sql'
Traceback (most recent call last):
  File "/home/airflow/.local/lib/python3.7/site-packages/airflow/template/templater.py", line 75, in resolve_template_files
    setattr(self, field, env.loader.get_source(env, content)[0])  # type: ignore
  File "/home/airflow/.local/lib/python3.7/site-packages/jinja2/loaders.py", line 218, in get_source
    raise TemplateNotFound(template)
jinja2.exceptions.TemplateNotFound: sql/migrations/001_initial_schema.sql
[2025-07-06T11:45:29.570+0000] {processor.py:836} INFO - DAG(s) dict_keys(['online_retail_etl']) retrieved from /opt/airflow/dags/online_retail_etl.py
[2025-07-06T11:45:29.593+0000] {logging_mixin.py:150} INFO - [2025-07-06T11:45:29.592+0000] {dag.py:2742} INFO - Sync 1 DAGs
[2025-07-06T11:45:29.608+0000] {logging_mixin.py:150} INFO - [2025-07-06T11:45:29.608+0000] {dag.py:3508} INFO - Setting next_dagrun for online_retail_etl to 2025-07-05T00:00:00+00:00, run_after=2025-07-06T00:00:00+00:00
[2025-07-06T11:45:29.619+0000] {processor.py:179} INFO - Processing /opt/airflow/dags/online_retail_etl.py took 0.086 seconds
[2025-07-06T11:45:59.973+0000] {processor.py:157} INFO - Started process (PID=55) to work on /opt/airflow/dags/online_retail_etl.py
[2025-07-06T11:45:59.974+0000] {processor.py:826} INFO - Processing file /opt/airflow/dags/online_retail_etl.py for tasks to queue
[2025-07-06T11:45:59.976+0000] {logging_mixin.py:150} INFO - [2025-07-06T11:45:59.975+0000] {dagbag.py:541} INFO - Filling up the DagBag from /opt/airflow/dags/online_retail_etl.py
[2025-07-06T11:46:00.010+0000] {logging_mixin.py:150} INFO - [2025-07-06T11:46:00.009+0000] {templater.py:77} ERROR - Failed to resolve template field 'sql'
Traceback (most recent call last):
  File "/home/airflow/.local/lib/python3.7/site-packages/airflow/template/templater.py", line 75, in resolve_template_files
    setattr(self, field, env.loader.get_source(env, content)[0])  # type: ignore
  File "/home/airflow/.local/lib/python3.7/site-packages/jinja2/loaders.py", line 218, in get_source
    raise TemplateNotFound(template)
jinja2.exceptions.TemplateNotFound: sql/migrations/001_initial_schema.sql
[2025-07-06T11:46:00.015+0000] {processor.py:836} INFO - DAG(s) dict_keys(['online_retail_etl']) retrieved from /opt/airflow/dags/online_retail_etl.py
[2025-07-06T11:46:00.052+0000] {logging_mixin.py:150} INFO - [2025-07-06T11:46:00.052+0000] {dag.py:2742} INFO - Sync 1 DAGs
[2025-07-06T11:46:00.086+0000] {logging_mixin.py:150} INFO - [2025-07-06T11:46:00.086+0000] {dag.py:3508} INFO - Setting next_dagrun for online_retail_etl to 2025-07-05T00:00:00+00:00, run_after=2025-07-06T00:00:00+00:00
[2025-07-06T11:46:00.098+0000] {processor.py:179} INFO - Processing /opt/airflow/dags/online_retail_etl.py took 0.132 seconds
[2025-07-06T11:46:30.269+0000] {processor.py:157} INFO - Started process (PID=56) to work on /opt/airflow/dags/online_retail_etl.py
[2025-07-06T11:46:30.271+0000] {processor.py:826} INFO - Processing file /opt/airflow/dags/online_retail_etl.py for tasks to queue
[2025-07-06T11:46:30.272+0000] {logging_mixin.py:150} INFO - [2025-07-06T11:46:30.272+0000] {dagbag.py:541} INFO - Filling up the DagBag from /opt/airflow/dags/online_retail_etl.py
[2025-07-06T11:46:30.317+0000] {logging_mixin.py:150} INFO - [2025-07-06T11:46:30.316+0000] {templater.py:77} ERROR - Failed to resolve template field 'sql'
Traceback (most recent call last):
  File "/home/airflow/.local/lib/python3.7/site-packages/airflow/template/templater.py", line 75, in resolve_template_files
    setattr(self, field, env.loader.get_source(env, content)[0])  # type: ignore
  File "/home/airflow/.local/lib/python3.7/site-packages/jinja2/loaders.py", line 218, in get_source
    raise TemplateNotFound(template)
jinja2.exceptions.TemplateNotFound: sql/migrations/001_initial_schema.sql
[2025-07-06T11:46:30.321+0000] {processor.py:836} INFO - DAG(s) dict_keys(['online_retail_etl']) retrieved from /opt/airflow/dags/online_retail_etl.py
[2025-07-06T11:46:30.364+0000] {logging_mixin.py:150} INFO - [2025-07-06T11:46:30.363+0000] {dag.py:2742} INFO - Sync 1 DAGs
[2025-07-06T11:46:30.384+0000] {logging_mixin.py:150} INFO - [2025-07-06T11:46:30.384+0000] {dag.py:3508} INFO - Setting next_dagrun for online_retail_etl to 2025-07-05T00:00:00+00:00, run_after=2025-07-06T00:00:00+00:00
[2025-07-06T11:46:30.395+0000] {processor.py:179} INFO - Processing /opt/airflow/dags/online_retail_etl.py took 0.134 seconds
[2025-07-06T11:47:00.575+0000] {processor.py:157} INFO - Started process (PID=57) to work on /opt/airflow/dags/online_retail_etl.py
[2025-07-06T11:47:00.576+0000] {processor.py:826} INFO - Processing file /opt/airflow/dags/online_retail_etl.py for tasks to queue
[2025-07-06T11:47:00.578+0000] {logging_mixin.py:150} INFO - [2025-07-06T11:47:00.577+0000] {dagbag.py:541} INFO - Filling up the DagBag from /opt/airflow/dags/online_retail_etl.py
[2025-07-06T11:47:00.630+0000] {logging_mixin.py:150} INFO - [2025-07-06T11:47:00.628+0000] {templater.py:77} ERROR - Failed to resolve template field 'sql'
Traceback (most recent call last):
  File "/home/airflow/.local/lib/python3.7/site-packages/airflow/template/templater.py", line 75, in resolve_template_files
    setattr(self, field, env.loader.get_source(env, content)[0])  # type: ignore
  File "/home/airflow/.local/lib/python3.7/site-packages/jinja2/loaders.py", line 218, in get_source
    raise TemplateNotFound(template)
jinja2.exceptions.TemplateNotFound: sql/migrations/001_initial_schema.sql
[2025-07-06T11:47:00.642+0000] {processor.py:836} INFO - DAG(s) dict_keys(['online_retail_etl']) retrieved from /opt/airflow/dags/online_retail_etl.py
[2025-07-06T11:47:00.693+0000] {logging_mixin.py:150} INFO - [2025-07-06T11:47:00.693+0000] {dag.py:2742} INFO - Sync 1 DAGs
[2025-07-06T11:47:00.717+0000] {logging_mixin.py:150} INFO - [2025-07-06T11:47:00.717+0000] {dag.py:3508} INFO - Setting next_dagrun for online_retail_etl to 2025-07-05T00:00:00+00:00, run_after=2025-07-06T00:00:00+00:00
[2025-07-06T11:47:00.731+0000] {processor.py:179} INFO - Processing /opt/airflow/dags/online_retail_etl.py took 0.162 seconds
[2025-07-06T11:47:30.899+0000] {processor.py:157} INFO - Started process (PID=58) to work on /opt/airflow/dags/online_retail_etl.py
[2025-07-06T11:47:30.901+0000] {processor.py:826} INFO - Processing file /opt/airflow/dags/online_retail_etl.py for tasks to queue
[2025-07-06T11:47:30.902+0000] {logging_mixin.py:150} INFO - [2025-07-06T11:47:30.901+0000] {dagbag.py:541} INFO - Filling up the DagBag from /opt/airflow/dags/online_retail_etl.py
[2025-07-06T11:47:30.939+0000] {logging_mixin.py:150} INFO - [2025-07-06T11:47:30.938+0000] {templater.py:77} ERROR - Failed to resolve template field 'sql'
Traceback (most recent call last):
  File "/home/airflow/.local/lib/python3.7/site-packages/airflow/template/templater.py", line 75, in resolve_template_files
    setattr(self, field, env.loader.get_source(env, content)[0])  # type: ignore
  File "/home/airflow/.local/lib/python3.7/site-packages/jinja2/loaders.py", line 218, in get_source
    raise TemplateNotFound(template)
jinja2.exceptions.TemplateNotFound: sql/migrations/001_initial_schema.sql
[2025-07-06T11:47:30.944+0000] {processor.py:836} INFO - DAG(s) dict_keys(['online_retail_etl']) retrieved from /opt/airflow/dags/online_retail_etl.py
[2025-07-06T11:47:30.982+0000] {logging_mixin.py:150} INFO - [2025-07-06T11:47:30.982+0000] {dag.py:2742} INFO - Sync 1 DAGs
[2025-07-06T11:47:31.002+0000] {logging_mixin.py:150} INFO - [2025-07-06T11:47:31.002+0000] {dag.py:3508} INFO - Setting next_dagrun for online_retail_etl to 2025-07-05T00:00:00+00:00, run_after=2025-07-06T00:00:00+00:00
[2025-07-06T11:47:31.016+0000] {processor.py:179} INFO - Processing /opt/airflow/dags/online_retail_etl.py took 0.124 seconds
[2025-07-06T11:48:01.359+0000] {processor.py:157} INFO - Started process (PID=59) to work on /opt/airflow/dags/online_retail_etl.py
[2025-07-06T11:48:01.360+0000] {processor.py:826} INFO - Processing file /opt/airflow/dags/online_retail_etl.py for tasks to queue
[2025-07-06T11:48:01.361+0000] {logging_mixin.py:150} INFO - [2025-07-06T11:48:01.361+0000] {dagbag.py:541} INFO - Filling up the DagBag from /opt/airflow/dags/online_retail_etl.py
[2025-07-06T11:48:01.385+0000] {logging_mixin.py:150} INFO - [2025-07-06T11:48:01.384+0000] {templater.py:77} ERROR - Failed to resolve template field 'sql'
Traceback (most recent call last):
  File "/home/airflow/.local/lib/python3.7/site-packages/airflow/template/templater.py", line 75, in resolve_template_files
    setattr(self, field, env.loader.get_source(env, content)[0])  # type: ignore
  File "/home/airflow/.local/lib/python3.7/site-packages/jinja2/loaders.py", line 218, in get_source
    raise TemplateNotFound(template)
jinja2.exceptions.TemplateNotFound: sql/migrations/001_initial_schema.sql
[2025-07-06T11:48:01.389+0000] {processor.py:836} INFO - DAG(s) dict_keys(['online_retail_etl']) retrieved from /opt/airflow/dags/online_retail_etl.py
[2025-07-06T11:48:01.421+0000] {logging_mixin.py:150} INFO - [2025-07-06T11:48:01.421+0000] {dag.py:2742} INFO - Sync 1 DAGs
[2025-07-06T11:48:01.450+0000] {logging_mixin.py:150} INFO - [2025-07-06T11:48:01.449+0000] {dag.py:3508} INFO - Setting next_dagrun for online_retail_etl to 2025-07-05T00:00:00+00:00, run_after=2025-07-06T00:00:00+00:00
[2025-07-06T11:48:01.463+0000] {processor.py:179} INFO - Processing /opt/airflow/dags/online_retail_etl.py took 0.111 seconds
[2025-07-06T11:48:31.747+0000] {processor.py:157} INFO - Started process (PID=60) to work on /opt/airflow/dags/online_retail_etl.py
[2025-07-06T11:48:31.751+0000] {processor.py:826} INFO - Processing file /opt/airflow/dags/online_retail_etl.py for tasks to queue
[2025-07-06T11:48:31.757+0000] {logging_mixin.py:150} INFO - [2025-07-06T11:48:31.754+0000] {dagbag.py:541} INFO - Filling up the DagBag from /opt/airflow/dags/online_retail_etl.py
[2025-07-06T11:48:31.789+0000] {logging_mixin.py:150} INFO - [2025-07-06T11:48:31.787+0000] {templater.py:77} ERROR - Failed to resolve template field 'sql'
Traceback (most recent call last):
  File "/home/airflow/.local/lib/python3.7/site-packages/airflow/template/templater.py", line 75, in resolve_template_files
    setattr(self, field, env.loader.get_source(env, content)[0])  # type: ignore
  File "/home/airflow/.local/lib/python3.7/site-packages/jinja2/loaders.py", line 218, in get_source
    raise TemplateNotFound(template)
jinja2.exceptions.TemplateNotFound: sql/migrations/001_initial_schema.sql
[2025-07-06T11:48:31.794+0000] {processor.py:836} INFO - DAG(s) dict_keys(['online_retail_etl']) retrieved from /opt/airflow/dags/online_retail_etl.py
[2025-07-06T11:48:31.842+0000] {logging_mixin.py:150} INFO - [2025-07-06T11:48:31.842+0000] {dag.py:2742} INFO - Sync 1 DAGs
[2025-07-06T11:48:31.862+0000] {logging_mixin.py:150} INFO - [2025-07-06T11:48:31.862+0000] {dag.py:3508} INFO - Setting next_dagrun for online_retail_etl to 2025-07-05T00:00:00+00:00, run_after=2025-07-06T00:00:00+00:00
[2025-07-06T11:48:31.875+0000] {processor.py:179} INFO - Processing /opt/airflow/dags/online_retail_etl.py took 0.138 seconds
[2025-07-06T11:49:02.052+0000] {processor.py:157} INFO - Started process (PID=61) to work on /opt/airflow/dags/online_retail_etl.py
[2025-07-06T11:49:02.053+0000] {processor.py:826} INFO - Processing file /opt/airflow/dags/online_retail_etl.py for tasks to queue
[2025-07-06T11:49:02.055+0000] {logging_mixin.py:150} INFO - [2025-07-06T11:49:02.054+0000] {dagbag.py:541} INFO - Filling up the DagBag from /opt/airflow/dags/online_retail_etl.py
[2025-07-06T11:49:02.079+0000] {logging_mixin.py:150} INFO - [2025-07-06T11:49:02.078+0000] {templater.py:77} ERROR - Failed to resolve template field 'sql'
Traceback (most recent call last):
  File "/home/airflow/.local/lib/python3.7/site-packages/airflow/template/templater.py", line 75, in resolve_template_files
    setattr(self, field, env.loader.get_source(env, content)[0])  # type: ignore
  File "/home/airflow/.local/lib/python3.7/site-packages/jinja2/loaders.py", line 218, in get_source
    raise TemplateNotFound(template)
jinja2.exceptions.TemplateNotFound: sql/migrations/001_initial_schema.sql
[2025-07-06T11:49:02.084+0000] {processor.py:836} INFO - DAG(s) dict_keys(['online_retail_etl']) retrieved from /opt/airflow/dags/online_retail_etl.py
[2025-07-06T11:49:02.137+0000] {logging_mixin.py:150} INFO - [2025-07-06T11:49:02.137+0000] {dag.py:2742} INFO - Sync 1 DAGs
[2025-07-06T11:49:02.158+0000] {logging_mixin.py:150} INFO - [2025-07-06T11:49:02.157+0000] {dag.py:3508} INFO - Setting next_dagrun for online_retail_etl to 2025-07-05T00:00:00+00:00, run_after=2025-07-06T00:00:00+00:00
[2025-07-06T11:49:02.169+0000] {processor.py:179} INFO - Processing /opt/airflow/dags/online_retail_etl.py took 0.122 seconds
[2025-07-06T11:49:32.420+0000] {processor.py:157} INFO - Started process (PID=62) to work on /opt/airflow/dags/online_retail_etl.py
[2025-07-06T11:49:32.422+0000] {processor.py:826} INFO - Processing file /opt/airflow/dags/online_retail_etl.py for tasks to queue
[2025-07-06T11:49:32.423+0000] {logging_mixin.py:150} INFO - [2025-07-06T11:49:32.423+0000] {dagbag.py:541} INFO - Filling up the DagBag from /opt/airflow/dags/online_retail_etl.py
[2025-07-06T11:49:32.450+0000] {logging_mixin.py:150} INFO - [2025-07-06T11:49:32.449+0000] {templater.py:77} ERROR - Failed to resolve template field 'sql'
Traceback (most recent call last):
  File "/home/airflow/.local/lib/python3.7/site-packages/airflow/template/templater.py", line 75, in resolve_template_files
    setattr(self, field, env.loader.get_source(env, content)[0])  # type: ignore
  File "/home/airflow/.local/lib/python3.7/site-packages/jinja2/loaders.py", line 218, in get_source
    raise TemplateNotFound(template)
jinja2.exceptions.TemplateNotFound: sql/migrations/001_initial_schema.sql
[2025-07-06T11:49:32.458+0000] {processor.py:836} INFO - DAG(s) dict_keys(['online_retail_etl']) retrieved from /opt/airflow/dags/online_retail_etl.py
[2025-07-06T11:49:32.509+0000] {logging_mixin.py:150} INFO - [2025-07-06T11:49:32.509+0000] {dag.py:2742} INFO - Sync 1 DAGs
[2025-07-06T11:49:32.530+0000] {logging_mixin.py:150} INFO - [2025-07-06T11:49:32.530+0000] {dag.py:3508} INFO - Setting next_dagrun for online_retail_etl to 2025-07-05T00:00:00+00:00, run_after=2025-07-06T00:00:00+00:00
[2025-07-06T11:49:32.543+0000] {processor.py:179} INFO - Processing /opt/airflow/dags/online_retail_etl.py took 0.130 seconds
[2025-07-06T11:50:02.692+0000] {processor.py:157} INFO - Started process (PID=63) to work on /opt/airflow/dags/online_retail_etl.py
[2025-07-06T11:50:02.693+0000] {processor.py:826} INFO - Processing file /opt/airflow/dags/online_retail_etl.py for tasks to queue
[2025-07-06T11:50:02.694+0000] {logging_mixin.py:150} INFO - [2025-07-06T11:50:02.694+0000] {dagbag.py:541} INFO - Filling up the DagBag from /opt/airflow/dags/online_retail_etl.py
[2025-07-06T11:50:02.728+0000] {logging_mixin.py:150} INFO - [2025-07-06T11:50:02.727+0000] {templater.py:77} ERROR - Failed to resolve template field 'sql'
Traceback (most recent call last):
  File "/home/airflow/.local/lib/python3.7/site-packages/airflow/template/templater.py", line 75, in resolve_template_files
    setattr(self, field, env.loader.get_source(env, content)[0])  # type: ignore
  File "/home/airflow/.local/lib/python3.7/site-packages/jinja2/loaders.py", line 218, in get_source
    raise TemplateNotFound(template)
jinja2.exceptions.TemplateNotFound: sql/migrations/001_initial_schema.sql
[2025-07-06T11:50:02.734+0000] {processor.py:836} INFO - DAG(s) dict_keys(['online_retail_etl']) retrieved from /opt/airflow/dags/online_retail_etl.py
[2025-07-06T11:50:02.762+0000] {logging_mixin.py:150} INFO - [2025-07-06T11:50:02.762+0000] {dag.py:2742} INFO - Sync 1 DAGs
[2025-07-06T11:50:02.786+0000] {logging_mixin.py:150} INFO - [2025-07-06T11:50:02.786+0000] {dag.py:3508} INFO - Setting next_dagrun for online_retail_etl to 2025-07-05T00:00:00+00:00, run_after=2025-07-06T00:00:00+00:00
[2025-07-06T11:50:02.801+0000] {processor.py:179} INFO - Processing /opt/airflow/dags/online_retail_etl.py took 0.119 seconds
[2025-07-06T11:50:33.089+0000] {processor.py:157} INFO - Started process (PID=64) to work on /opt/airflow/dags/online_retail_etl.py
[2025-07-06T11:50:33.090+0000] {processor.py:826} INFO - Processing file /opt/airflow/dags/online_retail_etl.py for tasks to queue
[2025-07-06T11:50:33.092+0000] {logging_mixin.py:150} INFO - [2025-07-06T11:50:33.091+0000] {dagbag.py:541} INFO - Filling up the DagBag from /opt/airflow/dags/online_retail_etl.py
[2025-07-06T11:50:33.136+0000] {logging_mixin.py:150} INFO - [2025-07-06T11:50:33.134+0000] {templater.py:77} ERROR - Failed to resolve template field 'sql'
Traceback (most recent call last):
  File "/home/airflow/.local/lib/python3.7/site-packages/airflow/template/templater.py", line 75, in resolve_template_files
    setattr(self, field, env.loader.get_source(env, content)[0])  # type: ignore
  File "/home/airflow/.local/lib/python3.7/site-packages/jinja2/loaders.py", line 218, in get_source
    raise TemplateNotFound(template)
jinja2.exceptions.TemplateNotFound: sql/migrations/001_initial_schema.sql
[2025-07-06T11:50:33.144+0000] {processor.py:836} INFO - DAG(s) dict_keys(['online_retail_etl']) retrieved from /opt/airflow/dags/online_retail_etl.py
[2025-07-06T11:50:33.187+0000] {logging_mixin.py:150} INFO - [2025-07-06T11:50:33.187+0000] {dag.py:2742} INFO - Sync 1 DAGs
[2025-07-06T11:50:33.214+0000] {logging_mixin.py:150} INFO - [2025-07-06T11:50:33.214+0000] {dag.py:3508} INFO - Setting next_dagrun for online_retail_etl to 2025-07-05T00:00:00+00:00, run_after=2025-07-06T00:00:00+00:00
[2025-07-06T11:50:33.235+0000] {processor.py:179} INFO - Processing /opt/airflow/dags/online_retail_etl.py took 0.152 seconds
[2025-07-06T11:51:03.415+0000] {processor.py:157} INFO - Started process (PID=65) to work on /opt/airflow/dags/online_retail_etl.py
[2025-07-06T11:51:03.416+0000] {processor.py:826} INFO - Processing file /opt/airflow/dags/online_retail_etl.py for tasks to queue
[2025-07-06T11:51:03.417+0000] {logging_mixin.py:150} INFO - [2025-07-06T11:51:03.416+0000] {dagbag.py:541} INFO - Filling up the DagBag from /opt/airflow/dags/online_retail_etl.py
[2025-07-06T11:51:03.448+0000] {logging_mixin.py:150} INFO - [2025-07-06T11:51:03.447+0000] {templater.py:77} ERROR - Failed to resolve template field 'sql'
Traceback (most recent call last):
  File "/home/airflow/.local/lib/python3.7/site-packages/airflow/template/templater.py", line 75, in resolve_template_files
    setattr(self, field, env.loader.get_source(env, content)[0])  # type: ignore
  File "/home/airflow/.local/lib/python3.7/site-packages/jinja2/loaders.py", line 218, in get_source
    raise TemplateNotFound(template)
jinja2.exceptions.TemplateNotFound: sql/migrations/001_initial_schema.sql
[2025-07-06T11:51:03.456+0000] {processor.py:836} INFO - DAG(s) dict_keys(['online_retail_etl']) retrieved from /opt/airflow/dags/online_retail_etl.py
[2025-07-06T11:51:03.502+0000] {logging_mixin.py:150} INFO - [2025-07-06T11:51:03.502+0000] {dag.py:2742} INFO - Sync 1 DAGs
[2025-07-06T11:51:03.528+0000] {logging_mixin.py:150} INFO - [2025-07-06T11:51:03.528+0000] {dag.py:3508} INFO - Setting next_dagrun for online_retail_etl to 2025-07-05T00:00:00+00:00, run_after=2025-07-06T00:00:00+00:00
[2025-07-06T11:51:03.551+0000] {processor.py:179} INFO - Processing /opt/airflow/dags/online_retail_etl.py took 0.140 seconds
[2025-07-06T11:51:33.767+0000] {processor.py:157} INFO - Started process (PID=66) to work on /opt/airflow/dags/online_retail_etl.py
[2025-07-06T11:51:33.768+0000] {processor.py:826} INFO - Processing file /opt/airflow/dags/online_retail_etl.py for tasks to queue
[2025-07-06T11:51:33.769+0000] {logging_mixin.py:150} INFO - [2025-07-06T11:51:33.769+0000] {dagbag.py:541} INFO - Filling up the DagBag from /opt/airflow/dags/online_retail_etl.py
[2025-07-06T11:51:33.794+0000] {logging_mixin.py:150} INFO - [2025-07-06T11:51:33.792+0000] {templater.py:77} ERROR - Failed to resolve template field 'sql'
Traceback (most recent call last):
  File "/home/airflow/.local/lib/python3.7/site-packages/airflow/template/templater.py", line 75, in resolve_template_files
    setattr(self, field, env.loader.get_source(env, content)[0])  # type: ignore
  File "/home/airflow/.local/lib/python3.7/site-packages/jinja2/loaders.py", line 218, in get_source
    raise TemplateNotFound(template)
jinja2.exceptions.TemplateNotFound: sql/migrations/001_initial_schema.sql
[2025-07-06T11:51:33.798+0000] {processor.py:836} INFO - DAG(s) dict_keys(['online_retail_etl']) retrieved from /opt/airflow/dags/online_retail_etl.py
[2025-07-06T11:51:33.836+0000] {logging_mixin.py:150} INFO - [2025-07-06T11:51:33.836+0000] {dag.py:2742} INFO - Sync 1 DAGs
[2025-07-06T11:51:33.863+0000] {logging_mixin.py:150} INFO - [2025-07-06T11:51:33.863+0000] {dag.py:3508} INFO - Setting next_dagrun for online_retail_etl to 2025-07-05T00:00:00+00:00, run_after=2025-07-06T00:00:00+00:00
[2025-07-06T11:51:33.888+0000] {processor.py:179} INFO - Processing /opt/airflow/dags/online_retail_etl.py took 0.125 seconds
[2025-07-06T11:52:04.105+0000] {processor.py:157} INFO - Started process (PID=67) to work on /opt/airflow/dags/online_retail_etl.py
[2025-07-06T11:52:04.107+0000] {processor.py:826} INFO - Processing file /opt/airflow/dags/online_retail_etl.py for tasks to queue
[2025-07-06T11:52:04.108+0000] {logging_mixin.py:150} INFO - [2025-07-06T11:52:04.108+0000] {dagbag.py:541} INFO - Filling up the DagBag from /opt/airflow/dags/online_retail_etl.py
[2025-07-06T11:52:04.138+0000] {logging_mixin.py:150} INFO - [2025-07-06T11:52:04.137+0000] {templater.py:77} ERROR - Failed to resolve template field 'sql'
Traceback (most recent call last):
  File "/home/airflow/.local/lib/python3.7/site-packages/airflow/template/templater.py", line 75, in resolve_template_files
    setattr(self, field, env.loader.get_source(env, content)[0])  # type: ignore
  File "/home/airflow/.local/lib/python3.7/site-packages/jinja2/loaders.py", line 218, in get_source
    raise TemplateNotFound(template)
jinja2.exceptions.TemplateNotFound: sql/migrations/001_initial_schema.sql
[2025-07-06T11:52:04.143+0000] {processor.py:836} INFO - DAG(s) dict_keys(['online_retail_etl']) retrieved from /opt/airflow/dags/online_retail_etl.py
[2025-07-06T11:52:04.212+0000] {logging_mixin.py:150} INFO - [2025-07-06T11:52:04.212+0000] {dag.py:2742} INFO - Sync 1 DAGs
[2025-07-06T11:52:04.248+0000] {logging_mixin.py:150} INFO - [2025-07-06T11:52:04.248+0000] {dag.py:3508} INFO - Setting next_dagrun for online_retail_etl to 2025-07-05T00:00:00+00:00, run_after=2025-07-06T00:00:00+00:00
[2025-07-06T11:52:04.265+0000] {processor.py:179} INFO - Processing /opt/airflow/dags/online_retail_etl.py took 0.166 seconds
[2025-07-06T11:52:34.433+0000] {processor.py:157} INFO - Started process (PID=68) to work on /opt/airflow/dags/online_retail_etl.py
[2025-07-06T11:52:34.435+0000] {processor.py:826} INFO - Processing file /opt/airflow/dags/online_retail_etl.py for tasks to queue
[2025-07-06T11:52:34.437+0000] {logging_mixin.py:150} INFO - [2025-07-06T11:52:34.436+0000] {dagbag.py:541} INFO - Filling up the DagBag from /opt/airflow/dags/online_retail_etl.py
[2025-07-06T11:52:34.469+0000] {logging_mixin.py:150} INFO - [2025-07-06T11:52:34.466+0000] {templater.py:77} ERROR - Failed to resolve template field 'sql'
Traceback (most recent call last):
  File "/home/airflow/.local/lib/python3.7/site-packages/airflow/template/templater.py", line 75, in resolve_template_files
    setattr(self, field, env.loader.get_source(env, content)[0])  # type: ignore
  File "/home/airflow/.local/lib/python3.7/site-packages/jinja2/loaders.py", line 218, in get_source
    raise TemplateNotFound(template)
jinja2.exceptions.TemplateNotFound: sql/migrations/001_initial_schema.sql
[2025-07-06T11:52:34.476+0000] {processor.py:836} INFO - DAG(s) dict_keys(['online_retail_etl']) retrieved from /opt/airflow/dags/online_retail_etl.py
[2025-07-06T11:52:34.506+0000] {logging_mixin.py:150} INFO - [2025-07-06T11:52:34.506+0000] {dag.py:2742} INFO - Sync 1 DAGs
[2025-07-06T11:52:34.529+0000] {logging_mixin.py:150} INFO - [2025-07-06T11:52:34.529+0000] {dag.py:3508} INFO - Setting next_dagrun for online_retail_etl to 2025-07-05T00:00:00+00:00, run_after=2025-07-06T00:00:00+00:00
[2025-07-06T11:52:34.541+0000] {processor.py:179} INFO - Processing /opt/airflow/dags/online_retail_etl.py took 0.113 seconds
[2025-07-06T11:53:04.839+0000] {processor.py:157} INFO - Started process (PID=69) to work on /opt/airflow/dags/online_retail_etl.py
[2025-07-06T11:53:04.840+0000] {processor.py:826} INFO - Processing file /opt/airflow/dags/online_retail_etl.py for tasks to queue
[2025-07-06T11:53:04.841+0000] {logging_mixin.py:150} INFO - [2025-07-06T11:53:04.841+0000] {dagbag.py:541} INFO - Filling up the DagBag from /opt/airflow/dags/online_retail_etl.py
[2025-07-06T11:53:04.871+0000] {logging_mixin.py:150} INFO - [2025-07-06T11:53:04.870+0000] {templater.py:77} ERROR - Failed to resolve template field 'sql'
Traceback (most recent call last):
  File "/home/airflow/.local/lib/python3.7/site-packages/airflow/template/templater.py", line 75, in resolve_template_files
    setattr(self, field, env.loader.get_source(env, content)[0])  # type: ignore
  File "/home/airflow/.local/lib/python3.7/site-packages/jinja2/loaders.py", line 218, in get_source
    raise TemplateNotFound(template)
jinja2.exceptions.TemplateNotFound: sql/migrations/001_initial_schema.sql
[2025-07-06T11:53:04.874+0000] {processor.py:836} INFO - DAG(s) dict_keys(['online_retail_etl']) retrieved from /opt/airflow/dags/online_retail_etl.py
[2025-07-06T11:53:04.899+0000] {logging_mixin.py:150} INFO - [2025-07-06T11:53:04.899+0000] {dag.py:2742} INFO - Sync 1 DAGs
[2025-07-06T11:53:04.924+0000] {logging_mixin.py:150} INFO - [2025-07-06T11:53:04.924+0000] {dag.py:3508} INFO - Setting next_dagrun for online_retail_etl to 2025-07-05T00:00:00+00:00, run_after=2025-07-06T00:00:00+00:00
[2025-07-06T11:53:04.954+0000] {processor.py:179} INFO - Processing /opt/airflow/dags/online_retail_etl.py took 0.119 seconds
[2025-07-06T11:53:35.141+0000] {processor.py:157} INFO - Started process (PID=70) to work on /opt/airflow/dags/online_retail_etl.py
[2025-07-06T11:53:35.146+0000] {processor.py:826} INFO - Processing file /opt/airflow/dags/online_retail_etl.py for tasks to queue
[2025-07-06T11:53:35.150+0000] {logging_mixin.py:150} INFO - [2025-07-06T11:53:35.148+0000] {dagbag.py:541} INFO - Filling up the DagBag from /opt/airflow/dags/online_retail_etl.py
[2025-07-06T11:53:35.186+0000] {logging_mixin.py:150} INFO - [2025-07-06T11:53:35.184+0000] {templater.py:77} ERROR - Failed to resolve template field 'sql'
Traceback (most recent call last):
  File "/home/airflow/.local/lib/python3.7/site-packages/airflow/template/templater.py", line 75, in resolve_template_files
    setattr(self, field, env.loader.get_source(env, content)[0])  # type: ignore
  File "/home/airflow/.local/lib/python3.7/site-packages/jinja2/loaders.py", line 218, in get_source
    raise TemplateNotFound(template)
jinja2.exceptions.TemplateNotFound: sql/migrations/001_initial_schema.sql
[2025-07-06T11:53:35.190+0000] {processor.py:836} INFO - DAG(s) dict_keys(['online_retail_etl']) retrieved from /opt/airflow/dags/online_retail_etl.py
[2025-07-06T11:53:35.218+0000] {logging_mixin.py:150} INFO - [2025-07-06T11:53:35.218+0000] {dag.py:2742} INFO - Sync 1 DAGs
[2025-07-06T11:53:35.236+0000] {logging_mixin.py:150} INFO - [2025-07-06T11:53:35.236+0000] {dag.py:3508} INFO - Setting next_dagrun for online_retail_etl to 2025-07-05T00:00:00+00:00, run_after=2025-07-06T00:00:00+00:00
[2025-07-06T11:53:35.247+0000] {processor.py:179} INFO - Processing /opt/airflow/dags/online_retail_etl.py took 0.111 seconds
[2025-07-06T11:54:05.454+0000] {processor.py:157} INFO - Started process (PID=71) to work on /opt/airflow/dags/online_retail_etl.py
[2025-07-06T11:54:05.456+0000] {processor.py:826} INFO - Processing file /opt/airflow/dags/online_retail_etl.py for tasks to queue
[2025-07-06T11:54:05.457+0000] {logging_mixin.py:150} INFO - [2025-07-06T11:54:05.457+0000] {dagbag.py:541} INFO - Filling up the DagBag from /opt/airflow/dags/online_retail_etl.py
[2025-07-06T11:54:05.500+0000] {logging_mixin.py:150} INFO - [2025-07-06T11:54:05.499+0000] {templater.py:77} ERROR - Failed to resolve template field 'sql'
Traceback (most recent call last):
  File "/home/airflow/.local/lib/python3.7/site-packages/airflow/template/templater.py", line 75, in resolve_template_files
    setattr(self, field, env.loader.get_source(env, content)[0])  # type: ignore
  File "/home/airflow/.local/lib/python3.7/site-packages/jinja2/loaders.py", line 218, in get_source
    raise TemplateNotFound(template)
jinja2.exceptions.TemplateNotFound: sql/migrations/001_initial_schema.sql
[2025-07-06T11:54:05.505+0000] {processor.py:836} INFO - DAG(s) dict_keys(['online_retail_etl']) retrieved from /opt/airflow/dags/online_retail_etl.py
[2025-07-06T11:54:05.556+0000] {logging_mixin.py:150} INFO - [2025-07-06T11:54:05.556+0000] {dag.py:2742} INFO - Sync 1 DAGs
[2025-07-06T11:54:05.582+0000] {logging_mixin.py:150} INFO - [2025-07-06T11:54:05.582+0000] {dag.py:3508} INFO - Setting next_dagrun for online_retail_etl to 2025-07-05T00:00:00+00:00, run_after=2025-07-06T00:00:00+00:00
[2025-07-06T11:54:05.599+0000] {processor.py:179} INFO - Processing /opt/airflow/dags/online_retail_etl.py took 0.149 seconds
[2025-07-06T11:54:35.920+0000] {processor.py:157} INFO - Started process (PID=72) to work on /opt/airflow/dags/online_retail_etl.py
[2025-07-06T11:54:35.921+0000] {processor.py:826} INFO - Processing file /opt/airflow/dags/online_retail_etl.py for tasks to queue
[2025-07-06T11:54:35.923+0000] {logging_mixin.py:150} INFO - [2025-07-06T11:54:35.922+0000] {dagbag.py:541} INFO - Filling up the DagBag from /opt/airflow/dags/online_retail_etl.py
[2025-07-06T11:54:35.949+0000] {logging_mixin.py:150} INFO - [2025-07-06T11:54:35.947+0000] {templater.py:77} ERROR - Failed to resolve template field 'sql'
Traceback (most recent call last):
  File "/home/airflow/.local/lib/python3.7/site-packages/airflow/template/templater.py", line 75, in resolve_template_files
    setattr(self, field, env.loader.get_source(env, content)[0])  # type: ignore
  File "/home/airflow/.local/lib/python3.7/site-packages/jinja2/loaders.py", line 218, in get_source
    raise TemplateNotFound(template)
jinja2.exceptions.TemplateNotFound: sql/migrations/001_initial_schema.sql
[2025-07-06T11:54:35.964+0000] {processor.py:836} INFO - DAG(s) dict_keys(['online_retail_etl']) retrieved from /opt/airflow/dags/online_retail_etl.py
[2025-07-06T11:54:35.986+0000] {logging_mixin.py:150} INFO - [2025-07-06T11:54:35.985+0000] {dag.py:2742} INFO - Sync 1 DAGs
[2025-07-06T11:54:36.022+0000] {logging_mixin.py:150} INFO - [2025-07-06T11:54:36.022+0000] {dag.py:3508} INFO - Setting next_dagrun for online_retail_etl to 2025-07-05T00:00:00+00:00, run_after=2025-07-06T00:00:00+00:00
[2025-07-06T11:54:36.051+0000] {processor.py:179} INFO - Processing /opt/airflow/dags/online_retail_etl.py took 0.142 seconds
[2025-07-06T11:55:06.272+0000] {processor.py:157} INFO - Started process (PID=73) to work on /opt/airflow/dags/online_retail_etl.py
[2025-07-06T11:55:06.273+0000] {processor.py:826} INFO - Processing file /opt/airflow/dags/online_retail_etl.py for tasks to queue
[2025-07-06T11:55:06.275+0000] {logging_mixin.py:150} INFO - [2025-07-06T11:55:06.274+0000] {dagbag.py:541} INFO - Filling up the DagBag from /opt/airflow/dags/online_retail_etl.py
[2025-07-06T11:55:06.302+0000] {logging_mixin.py:150} INFO - [2025-07-06T11:55:06.301+0000] {templater.py:77} ERROR - Failed to resolve template field 'sql'
Traceback (most recent call last):
  File "/home/airflow/.local/lib/python3.7/site-packages/airflow/template/templater.py", line 75, in resolve_template_files
    setattr(self, field, env.loader.get_source(env, content)[0])  # type: ignore
  File "/home/airflow/.local/lib/python3.7/site-packages/jinja2/loaders.py", line 218, in get_source
    raise TemplateNotFound(template)
jinja2.exceptions.TemplateNotFound: sql/migrations/001_initial_schema.sql
[2025-07-06T11:55:06.308+0000] {processor.py:836} INFO - DAG(s) dict_keys(['online_retail_etl']) retrieved from /opt/airflow/dags/online_retail_etl.py
[2025-07-06T11:55:06.349+0000] {logging_mixin.py:150} INFO - [2025-07-06T11:55:06.349+0000] {dag.py:2742} INFO - Sync 1 DAGs
[2025-07-06T11:55:06.375+0000] {logging_mixin.py:150} INFO - [2025-07-06T11:55:06.375+0000] {dag.py:3508} INFO - Setting next_dagrun for online_retail_etl to 2025-07-05T00:00:00+00:00, run_after=2025-07-06T00:00:00+00:00
[2025-07-06T11:55:06.390+0000] {processor.py:179} INFO - Processing /opt/airflow/dags/online_retail_etl.py took 0.124 seconds
[2025-07-06T11:55:36.589+0000] {processor.py:157} INFO - Started process (PID=74) to work on /opt/airflow/dags/online_retail_etl.py
[2025-07-06T11:55:36.590+0000] {processor.py:826} INFO - Processing file /opt/airflow/dags/online_retail_etl.py for tasks to queue
[2025-07-06T11:55:36.591+0000] {logging_mixin.py:150} INFO - [2025-07-06T11:55:36.590+0000] {dagbag.py:541} INFO - Filling up the DagBag from /opt/airflow/dags/online_retail_etl.py
[2025-07-06T11:55:36.611+0000] {logging_mixin.py:150} INFO - [2025-07-06T11:55:36.610+0000] {templater.py:77} ERROR - Failed to resolve template field 'sql'
Traceback (most recent call last):
  File "/home/airflow/.local/lib/python3.7/site-packages/airflow/template/templater.py", line 75, in resolve_template_files
    setattr(self, field, env.loader.get_source(env, content)[0])  # type: ignore
  File "/home/airflow/.local/lib/python3.7/site-packages/jinja2/loaders.py", line 218, in get_source
    raise TemplateNotFound(template)
jinja2.exceptions.TemplateNotFound: sql/migrations/001_initial_schema.sql
[2025-07-06T11:55:36.614+0000] {processor.py:836} INFO - DAG(s) dict_keys(['online_retail_etl']) retrieved from /opt/airflow/dags/online_retail_etl.py
[2025-07-06T11:55:36.673+0000] {logging_mixin.py:150} INFO - [2025-07-06T11:55:36.673+0000] {dag.py:2742} INFO - Sync 1 DAGs
[2025-07-06T11:55:36.695+0000] {logging_mixin.py:150} INFO - [2025-07-06T11:55:36.695+0000] {dag.py:3508} INFO - Setting next_dagrun for online_retail_etl to 2025-07-05T00:00:00+00:00, run_after=2025-07-06T00:00:00+00:00
[2025-07-06T11:55:36.708+0000] {processor.py:179} INFO - Processing /opt/airflow/dags/online_retail_etl.py took 0.124 seconds
[2025-07-06T11:56:06.986+0000] {processor.py:157} INFO - Started process (PID=75) to work on /opt/airflow/dags/online_retail_etl.py
[2025-07-06T11:56:06.987+0000] {processor.py:826} INFO - Processing file /opt/airflow/dags/online_retail_etl.py for tasks to queue
[2025-07-06T11:56:06.988+0000] {logging_mixin.py:150} INFO - [2025-07-06T11:56:06.987+0000] {dagbag.py:541} INFO - Filling up the DagBag from /opt/airflow/dags/online_retail_etl.py
[2025-07-06T11:56:07.028+0000] {logging_mixin.py:150} INFO - [2025-07-06T11:56:07.025+0000] {templater.py:77} ERROR - Failed to resolve template field 'sql'
Traceback (most recent call last):
  File "/home/airflow/.local/lib/python3.7/site-packages/airflow/template/templater.py", line 75, in resolve_template_files
    setattr(self, field, env.loader.get_source(env, content)[0])  # type: ignore
  File "/home/airflow/.local/lib/python3.7/site-packages/jinja2/loaders.py", line 218, in get_source
    raise TemplateNotFound(template)
jinja2.exceptions.TemplateNotFound: sql/migrations/001_initial_schema.sql
[2025-07-06T11:56:07.034+0000] {processor.py:836} INFO - DAG(s) dict_keys(['online_retail_etl']) retrieved from /opt/airflow/dags/online_retail_etl.py
[2025-07-06T11:56:07.068+0000] {logging_mixin.py:150} INFO - [2025-07-06T11:56:07.068+0000] {dag.py:2742} INFO - Sync 1 DAGs
[2025-07-06T11:56:07.089+0000] {logging_mixin.py:150} INFO - [2025-07-06T11:56:07.089+0000] {dag.py:3508} INFO - Setting next_dagrun for online_retail_etl to 2025-07-05T00:00:00+00:00, run_after=2025-07-06T00:00:00+00:00
[2025-07-06T11:56:07.102+0000] {processor.py:179} INFO - Processing /opt/airflow/dags/online_retail_etl.py took 0.120 seconds
[2025-07-06T11:56:37.281+0000] {processor.py:157} INFO - Started process (PID=76) to work on /opt/airflow/dags/online_retail_etl.py
[2025-07-06T11:56:37.282+0000] {processor.py:826} INFO - Processing file /opt/airflow/dags/online_retail_etl.py for tasks to queue
[2025-07-06T11:56:37.284+0000] {logging_mixin.py:150} INFO - [2025-07-06T11:56:37.283+0000] {dagbag.py:541} INFO - Filling up the DagBag from /opt/airflow/dags/online_retail_etl.py
[2025-07-06T11:56:37.317+0000] {logging_mixin.py:150} INFO - [2025-07-06T11:56:37.315+0000] {templater.py:77} ERROR - Failed to resolve template field 'sql'
Traceback (most recent call last):
  File "/home/airflow/.local/lib/python3.7/site-packages/airflow/template/templater.py", line 75, in resolve_template_files
    setattr(self, field, env.loader.get_source(env, content)[0])  # type: ignore
  File "/home/airflow/.local/lib/python3.7/site-packages/jinja2/loaders.py", line 218, in get_source
    raise TemplateNotFound(template)
jinja2.exceptions.TemplateNotFound: sql/migrations/001_initial_schema.sql
[2025-07-06T11:56:37.321+0000] {processor.py:836} INFO - DAG(s) dict_keys(['online_retail_etl']) retrieved from /opt/airflow/dags/online_retail_etl.py
[2025-07-06T11:56:37.368+0000] {logging_mixin.py:150} INFO - [2025-07-06T11:56:37.368+0000] {dag.py:2742} INFO - Sync 1 DAGs
[2025-07-06T11:56:37.390+0000] {logging_mixin.py:150} INFO - [2025-07-06T11:56:37.390+0000] {dag.py:3508} INFO - Setting next_dagrun for online_retail_etl to 2025-07-05T00:00:00+00:00, run_after=2025-07-06T00:00:00+00:00
[2025-07-06T11:56:37.403+0000] {processor.py:179} INFO - Processing /opt/airflow/dags/online_retail_etl.py took 0.127 seconds
[2025-07-06T11:57:07.701+0000] {processor.py:157} INFO - Started process (PID=77) to work on /opt/airflow/dags/online_retail_etl.py
[2025-07-06T11:57:07.702+0000] {processor.py:826} INFO - Processing file /opt/airflow/dags/online_retail_etl.py for tasks to queue
[2025-07-06T11:57:07.703+0000] {logging_mixin.py:150} INFO - [2025-07-06T11:57:07.702+0000] {dagbag.py:541} INFO - Filling up the DagBag from /opt/airflow/dags/online_retail_etl.py
[2025-07-06T11:57:07.743+0000] {logging_mixin.py:150} INFO - [2025-07-06T11:57:07.738+0000] {templater.py:77} ERROR - Failed to resolve template field 'sql'
Traceback (most recent call last):
  File "/home/airflow/.local/lib/python3.7/site-packages/airflow/template/templater.py", line 75, in resolve_template_files
    setattr(self, field, env.loader.get_source(env, content)[0])  # type: ignore
  File "/home/airflow/.local/lib/python3.7/site-packages/jinja2/loaders.py", line 218, in get_source
    raise TemplateNotFound(template)
jinja2.exceptions.TemplateNotFound: sql/migrations/001_initial_schema.sql
[2025-07-06T11:57:07.748+0000] {processor.py:836} INFO - DAG(s) dict_keys(['online_retail_etl']) retrieved from /opt/airflow/dags/online_retail_etl.py
[2025-07-06T11:57:07.783+0000] {logging_mixin.py:150} INFO - [2025-07-06T11:57:07.783+0000] {dag.py:2742} INFO - Sync 1 DAGs
[2025-07-06T11:57:07.806+0000] {logging_mixin.py:150} INFO - [2025-07-06T11:57:07.805+0000] {dag.py:3508} INFO - Setting next_dagrun for online_retail_etl to 2025-07-05T00:00:00+00:00, run_after=2025-07-06T00:00:00+00:00
[2025-07-06T11:57:07.824+0000] {processor.py:179} INFO - Processing /opt/airflow/dags/online_retail_etl.py took 0.130 seconds
[2025-07-06T11:57:37.979+0000] {processor.py:157} INFO - Started process (PID=78) to work on /opt/airflow/dags/online_retail_etl.py
[2025-07-06T11:57:37.980+0000] {processor.py:826} INFO - Processing file /opt/airflow/dags/online_retail_etl.py for tasks to queue
[2025-07-06T11:57:37.982+0000] {logging_mixin.py:150} INFO - [2025-07-06T11:57:37.981+0000] {dagbag.py:541} INFO - Filling up the DagBag from /opt/airflow/dags/online_retail_etl.py
[2025-07-06T11:57:38.004+0000] {logging_mixin.py:150} INFO - [2025-07-06T11:57:38.003+0000] {templater.py:77} ERROR - Failed to resolve template field 'sql'
Traceback (most recent call last):
  File "/home/airflow/.local/lib/python3.7/site-packages/airflow/template/templater.py", line 75, in resolve_template_files
    setattr(self, field, env.loader.get_source(env, content)[0])  # type: ignore
  File "/home/airflow/.local/lib/python3.7/site-packages/jinja2/loaders.py", line 218, in get_source
    raise TemplateNotFound(template)
jinja2.exceptions.TemplateNotFound: sql/migrations/001_initial_schema.sql
[2025-07-06T11:57:38.008+0000] {processor.py:836} INFO - DAG(s) dict_keys(['online_retail_etl']) retrieved from /opt/airflow/dags/online_retail_etl.py
[2025-07-06T11:57:38.077+0000] {logging_mixin.py:150} INFO - [2025-07-06T11:57:38.077+0000] {dag.py:2742} INFO - Sync 1 DAGs
[2025-07-06T11:57:38.103+0000] {logging_mixin.py:150} INFO - [2025-07-06T11:57:38.103+0000] {dag.py:3508} INFO - Setting next_dagrun for online_retail_etl to 2025-07-05T00:00:00+00:00, run_after=2025-07-06T00:00:00+00:00
[2025-07-06T11:57:38.118+0000] {processor.py:179} INFO - Processing /opt/airflow/dags/online_retail_etl.py took 0.144 seconds
[2025-07-06T11:58:08.384+0000] {processor.py:157} INFO - Started process (PID=79) to work on /opt/airflow/dags/online_retail_etl.py
[2025-07-06T11:58:08.386+0000] {processor.py:826} INFO - Processing file /opt/airflow/dags/online_retail_etl.py for tasks to queue
[2025-07-06T11:58:08.387+0000] {logging_mixin.py:150} INFO - [2025-07-06T11:58:08.386+0000] {dagbag.py:541} INFO - Filling up the DagBag from /opt/airflow/dags/online_retail_etl.py
[2025-07-06T11:58:08.415+0000] {logging_mixin.py:150} INFO - [2025-07-06T11:58:08.413+0000] {templater.py:77} ERROR - Failed to resolve template field 'sql'
Traceback (most recent call last):
  File "/home/airflow/.local/lib/python3.7/site-packages/airflow/template/templater.py", line 75, in resolve_template_files
    setattr(self, field, env.loader.get_source(env, content)[0])  # type: ignore
  File "/home/airflow/.local/lib/python3.7/site-packages/jinja2/loaders.py", line 218, in get_source
    raise TemplateNotFound(template)
jinja2.exceptions.TemplateNotFound: sql/migrations/001_initial_schema.sql
[2025-07-06T11:58:08.421+0000] {processor.py:836} INFO - DAG(s) dict_keys(['online_retail_etl']) retrieved from /opt/airflow/dags/online_retail_etl.py
[2025-07-06T11:58:08.464+0000] {logging_mixin.py:150} INFO - [2025-07-06T11:58:08.464+0000] {dag.py:2742} INFO - Sync 1 DAGs
[2025-07-06T11:58:08.489+0000] {logging_mixin.py:150} INFO - [2025-07-06T11:58:08.489+0000] {dag.py:3508} INFO - Setting next_dagrun for online_retail_etl to 2025-07-05T00:00:00+00:00, run_after=2025-07-06T00:00:00+00:00
[2025-07-06T11:58:08.501+0000] {processor.py:179} INFO - Processing /opt/airflow/dags/online_retail_etl.py took 0.123 seconds
[2025-07-06T11:58:38.718+0000] {processor.py:157} INFO - Started process (PID=80) to work on /opt/airflow/dags/online_retail_etl.py
[2025-07-06T11:58:38.720+0000] {processor.py:826} INFO - Processing file /opt/airflow/dags/online_retail_etl.py for tasks to queue
[2025-07-06T11:58:38.721+0000] {logging_mixin.py:150} INFO - [2025-07-06T11:58:38.721+0000] {dagbag.py:541} INFO - Filling up the DagBag from /opt/airflow/dags/online_retail_etl.py
[2025-07-06T11:58:38.766+0000] {logging_mixin.py:150} INFO - [2025-07-06T11:58:38.764+0000] {templater.py:77} ERROR - Failed to resolve template field 'sql'
Traceback (most recent call last):
  File "/home/airflow/.local/lib/python3.7/site-packages/airflow/template/templater.py", line 75, in resolve_template_files
    setattr(self, field, env.loader.get_source(env, content)[0])  # type: ignore
  File "/home/airflow/.local/lib/python3.7/site-packages/jinja2/loaders.py", line 218, in get_source
    raise TemplateNotFound(template)
jinja2.exceptions.TemplateNotFound: sql/migrations/001_initial_schema.sql
[2025-07-06T11:58:38.772+0000] {processor.py:836} INFO - DAG(s) dict_keys(['online_retail_etl']) retrieved from /opt/airflow/dags/online_retail_etl.py
[2025-07-06T11:58:38.803+0000] {logging_mixin.py:150} INFO - [2025-07-06T11:58:38.803+0000] {dag.py:2742} INFO - Sync 1 DAGs
[2025-07-06T11:58:38.825+0000] {logging_mixin.py:150} INFO - [2025-07-06T11:58:38.825+0000] {dag.py:3508} INFO - Setting next_dagrun for online_retail_etl to 2025-07-05T00:00:00+00:00, run_after=2025-07-06T00:00:00+00:00
[2025-07-06T11:58:38.843+0000] {processor.py:179} INFO - Processing /opt/airflow/dags/online_retail_etl.py took 0.131 seconds
[2025-07-06T11:59:09.039+0000] {processor.py:157} INFO - Started process (PID=81) to work on /opt/airflow/dags/online_retail_etl.py
[2025-07-06T11:59:09.041+0000] {processor.py:826} INFO - Processing file /opt/airflow/dags/online_retail_etl.py for tasks to queue
[2025-07-06T11:59:09.042+0000] {logging_mixin.py:150} INFO - [2025-07-06T11:59:09.042+0000] {dagbag.py:541} INFO - Filling up the DagBag from /opt/airflow/dags/online_retail_etl.py
[2025-07-06T11:59:09.074+0000] {logging_mixin.py:150} INFO - [2025-07-06T11:59:09.072+0000] {templater.py:77} ERROR - Failed to resolve template field 'sql'
Traceback (most recent call last):
  File "/home/airflow/.local/lib/python3.7/site-packages/airflow/template/templater.py", line 75, in resolve_template_files
    setattr(self, field, env.loader.get_source(env, content)[0])  # type: ignore
  File "/home/airflow/.local/lib/python3.7/site-packages/jinja2/loaders.py", line 218, in get_source
    raise TemplateNotFound(template)
jinja2.exceptions.TemplateNotFound: sql/migrations/001_initial_schema.sql
[2025-07-06T11:59:09.085+0000] {processor.py:836} INFO - DAG(s) dict_keys(['online_retail_etl']) retrieved from /opt/airflow/dags/online_retail_etl.py
[2025-07-06T11:59:09.118+0000] {logging_mixin.py:150} INFO - [2025-07-06T11:59:09.118+0000] {dag.py:2742} INFO - Sync 1 DAGs
[2025-07-06T11:59:09.140+0000] {logging_mixin.py:150} INFO - [2025-07-06T11:59:09.139+0000] {dag.py:3508} INFO - Setting next_dagrun for online_retail_etl to 2025-07-05T00:00:00+00:00, run_after=2025-07-06T00:00:00+00:00
[2025-07-06T11:59:09.152+0000] {processor.py:179} INFO - Processing /opt/airflow/dags/online_retail_etl.py took 0.123 seconds
[2025-07-06T11:59:39.381+0000] {processor.py:157} INFO - Started process (PID=82) to work on /opt/airflow/dags/online_retail_etl.py
[2025-07-06T11:59:39.383+0000] {processor.py:826} INFO - Processing file /opt/airflow/dags/online_retail_etl.py for tasks to queue
[2025-07-06T11:59:39.384+0000] {logging_mixin.py:150} INFO - [2025-07-06T11:59:39.384+0000] {dagbag.py:541} INFO - Filling up the DagBag from /opt/airflow/dags/online_retail_etl.py
[2025-07-06T11:59:39.413+0000] {logging_mixin.py:150} INFO - [2025-07-06T11:59:39.411+0000] {templater.py:77} ERROR - Failed to resolve template field 'sql'
Traceback (most recent call last):
  File "/home/airflow/.local/lib/python3.7/site-packages/airflow/template/templater.py", line 75, in resolve_template_files
    setattr(self, field, env.loader.get_source(env, content)[0])  # type: ignore
  File "/home/airflow/.local/lib/python3.7/site-packages/jinja2/loaders.py", line 218, in get_source
    raise TemplateNotFound(template)
jinja2.exceptions.TemplateNotFound: sql/migrations/001_initial_schema.sql
[2025-07-06T11:59:39.418+0000] {processor.py:836} INFO - DAG(s) dict_keys(['online_retail_etl']) retrieved from /opt/airflow/dags/online_retail_etl.py
[2025-07-06T11:59:39.480+0000] {logging_mixin.py:150} INFO - [2025-07-06T11:59:39.480+0000] {dag.py:2742} INFO - Sync 1 DAGs
[2025-07-06T11:59:39.502+0000] {logging_mixin.py:150} INFO - [2025-07-06T11:59:39.502+0000] {dag.py:3508} INFO - Setting next_dagrun for online_retail_etl to 2025-07-05T00:00:00+00:00, run_after=2025-07-06T00:00:00+00:00
[2025-07-06T11:59:39.514+0000] {processor.py:179} INFO - Processing /opt/airflow/dags/online_retail_etl.py took 0.141 seconds
[2025-07-06T12:00:09.766+0000] {processor.py:157} INFO - Started process (PID=83) to work on /opt/airflow/dags/online_retail_etl.py
[2025-07-06T12:00:09.767+0000] {processor.py:826} INFO - Processing file /opt/airflow/dags/online_retail_etl.py for tasks to queue
[2025-07-06T12:00:09.768+0000] {logging_mixin.py:150} INFO - [2025-07-06T12:00:09.768+0000] {dagbag.py:541} INFO - Filling up the DagBag from /opt/airflow/dags/online_retail_etl.py
[2025-07-06T12:00:09.792+0000] {logging_mixin.py:150} INFO - [2025-07-06T12:00:09.790+0000] {templater.py:77} ERROR - Failed to resolve template field 'sql'
Traceback (most recent call last):
  File "/home/airflow/.local/lib/python3.7/site-packages/airflow/template/templater.py", line 75, in resolve_template_files
    setattr(self, field, env.loader.get_source(env, content)[0])  # type: ignore
  File "/home/airflow/.local/lib/python3.7/site-packages/jinja2/loaders.py", line 218, in get_source
    raise TemplateNotFound(template)
jinja2.exceptions.TemplateNotFound: sql/migrations/001_initial_schema.sql
[2025-07-06T12:00:09.806+0000] {processor.py:836} INFO - DAG(s) dict_keys(['online_retail_etl']) retrieved from /opt/airflow/dags/online_retail_etl.py
[2025-07-06T12:00:09.850+0000] {logging_mixin.py:150} INFO - [2025-07-06T12:00:09.850+0000] {dag.py:2742} INFO - Sync 1 DAGs
[2025-07-06T12:00:09.874+0000] {logging_mixin.py:150} INFO - [2025-07-06T12:00:09.874+0000] {dag.py:3508} INFO - Setting next_dagrun for online_retail_etl to 2025-07-05T00:00:00+00:00, run_after=2025-07-06T00:00:00+00:00
[2025-07-06T12:00:09.889+0000] {processor.py:179} INFO - Processing /opt/airflow/dags/online_retail_etl.py took 0.128 seconds
[2025-07-06T12:04:02.119+0000] {processor.py:157} INFO - Started process (PID=42) to work on /opt/airflow/dags/online_retail_etl.py
[2025-07-06T12:04:02.120+0000] {processor.py:826} INFO - Processing file /opt/airflow/dags/online_retail_etl.py for tasks to queue
[2025-07-06T12:04:02.122+0000] {logging_mixin.py:150} INFO - [2025-07-06T12:04:02.121+0000] {dagbag.py:541} INFO - Filling up the DagBag from /opt/airflow/dags/online_retail_etl.py
[2025-07-06T12:04:02.146+0000] {logging_mixin.py:150} INFO - [2025-07-06T12:04:02.145+0000] {templater.py:77} ERROR - Failed to resolve template field 'sql'
Traceback (most recent call last):
  File "/home/airflow/.local/lib/python3.7/site-packages/airflow/template/templater.py", line 75, in resolve_template_files
    setattr(self, field, env.loader.get_source(env, content)[0])  # type: ignore
  File "/home/airflow/.local/lib/python3.7/site-packages/jinja2/loaders.py", line 218, in get_source
    raise TemplateNotFound(template)
jinja2.exceptions.TemplateNotFound: sql/migrations/001_initial_schema.sql
[2025-07-06T12:04:02.160+0000] {processor.py:836} INFO - DAG(s) dict_keys(['online_retail_etl']) retrieved from /opt/airflow/dags/online_retail_etl.py
[2025-07-06T12:04:02.309+0000] {logging_mixin.py:150} INFO - [2025-07-06T12:04:02.308+0000] {manager.py:504} INFO - Created Permission View: can read on DAG:online_retail_etl
[2025-07-06T12:04:02.316+0000] {logging_mixin.py:150} INFO - [2025-07-06T12:04:02.316+0000] {manager.py:504} INFO - Created Permission View: can delete on DAG:online_retail_etl
[2025-07-06T12:04:02.319+0000] {logging_mixin.py:150} INFO - [2025-07-06T12:04:02.319+0000] {manager.py:504} INFO - Created Permission View: can edit on DAG:online_retail_etl
[2025-07-06T12:04:02.328+0000] {logging_mixin.py:150} INFO - [2025-07-06T12:04:02.328+0000] {dag.py:2742} INFO - Sync 1 DAGs
[2025-07-06T12:04:02.338+0000] {logging_mixin.py:150} INFO - [2025-07-06T12:04:02.337+0000] {dag.py:2763} INFO - Creating ORM DAG for online_retail_etl
[2025-07-06T12:04:02.346+0000] {logging_mixin.py:150} INFO - [2025-07-06T12:04:02.345+0000] {dag.py:3508} INFO - Setting next_dagrun for online_retail_etl to 2025-07-05T00:00:00+00:00, run_after=2025-07-06T00:00:00+00:00
[2025-07-06T12:04:02.358+0000] {processor.py:179} INFO - Processing /opt/airflow/dags/online_retail_etl.py took 0.242 seconds
[2025-07-06T12:04:32.418+0000] {processor.py:157} INFO - Started process (PID=43) to work on /opt/airflow/dags/online_retail_etl.py
[2025-07-06T12:04:32.420+0000] {processor.py:826} INFO - Processing file /opt/airflow/dags/online_retail_etl.py for tasks to queue
[2025-07-06T12:04:32.442+0000] {logging_mixin.py:150} INFO - [2025-07-06T12:04:32.429+0000] {dagbag.py:541} INFO - Filling up the DagBag from /opt/airflow/dags/online_retail_etl.py
[2025-07-06T12:04:32.474+0000] {logging_mixin.py:150} INFO - [2025-07-06T12:04:32.472+0000] {templater.py:77} ERROR - Failed to resolve template field 'sql'
Traceback (most recent call last):
  File "/home/airflow/.local/lib/python3.7/site-packages/airflow/template/templater.py", line 75, in resolve_template_files
    setattr(self, field, env.loader.get_source(env, content)[0])  # type: ignore
  File "/home/airflow/.local/lib/python3.7/site-packages/jinja2/loaders.py", line 218, in get_source
    raise TemplateNotFound(template)
jinja2.exceptions.TemplateNotFound: sql/migrations/001_initial_schema.sql
[2025-07-06T12:04:32.482+0000] {processor.py:836} INFO - DAG(s) dict_keys(['online_retail_etl']) retrieved from /opt/airflow/dags/online_retail_etl.py
[2025-07-06T12:04:32.521+0000] {logging_mixin.py:150} INFO - [2025-07-06T12:04:32.521+0000] {dag.py:2742} INFO - Sync 1 DAGs
[2025-07-06T12:04:32.560+0000] {logging_mixin.py:150} INFO - [2025-07-06T12:04:32.560+0000] {dag.py:3508} INFO - Setting next_dagrun for online_retail_etl to 2025-07-05T00:00:00+00:00, run_after=2025-07-06T00:00:00+00:00
[2025-07-06T12:04:32.574+0000] {processor.py:179} INFO - Processing /opt/airflow/dags/online_retail_etl.py took 0.163 seconds
[2025-07-06T12:05:02.867+0000] {processor.py:157} INFO - Started process (PID=44) to work on /opt/airflow/dags/online_retail_etl.py
[2025-07-06T12:05:02.868+0000] {processor.py:826} INFO - Processing file /opt/airflow/dags/online_retail_etl.py for tasks to queue
[2025-07-06T12:05:02.870+0000] {logging_mixin.py:150} INFO - [2025-07-06T12:05:02.869+0000] {dagbag.py:541} INFO - Filling up the DagBag from /opt/airflow/dags/online_retail_etl.py
[2025-07-06T12:05:02.888+0000] {logging_mixin.py:150} INFO - [2025-07-06T12:05:02.887+0000] {templater.py:77} ERROR - Failed to resolve template field 'sql'
Traceback (most recent call last):
  File "/home/airflow/.local/lib/python3.7/site-packages/airflow/template/templater.py", line 75, in resolve_template_files
    setattr(self, field, env.loader.get_source(env, content)[0])  # type: ignore
  File "/home/airflow/.local/lib/python3.7/site-packages/jinja2/loaders.py", line 218, in get_source
    raise TemplateNotFound(template)
jinja2.exceptions.TemplateNotFound: sql/migrations/001_initial_schema.sql
[2025-07-06T12:05:02.892+0000] {processor.py:836} INFO - DAG(s) dict_keys(['online_retail_etl']) retrieved from /opt/airflow/dags/online_retail_etl.py
[2025-07-06T12:05:02.923+0000] {logging_mixin.py:150} INFO - [2025-07-06T12:05:02.923+0000] {dag.py:2742} INFO - Sync 1 DAGs
[2025-07-06T12:05:02.962+0000] {logging_mixin.py:150} INFO - [2025-07-06T12:05:02.962+0000] {dag.py:3508} INFO - Setting next_dagrun for online_retail_etl to 2025-07-05T00:00:00+00:00, run_after=2025-07-06T00:00:00+00:00
[2025-07-06T12:05:02.979+0000] {processor.py:179} INFO - Processing /opt/airflow/dags/online_retail_etl.py took 0.117 seconds
[2025-07-06T12:05:33.186+0000] {processor.py:157} INFO - Started process (PID=45) to work on /opt/airflow/dags/online_retail_etl.py
[2025-07-06T12:05:33.187+0000] {processor.py:826} INFO - Processing file /opt/airflow/dags/online_retail_etl.py for tasks to queue
[2025-07-06T12:05:33.188+0000] {logging_mixin.py:150} INFO - [2025-07-06T12:05:33.188+0000] {dagbag.py:541} INFO - Filling up the DagBag from /opt/airflow/dags/online_retail_etl.py
[2025-07-06T12:05:33.210+0000] {logging_mixin.py:150} INFO - [2025-07-06T12:05:33.209+0000] {templater.py:77} ERROR - Failed to resolve template field 'sql'
Traceback (most recent call last):
  File "/home/airflow/.local/lib/python3.7/site-packages/airflow/template/templater.py", line 75, in resolve_template_files
    setattr(self, field, env.loader.get_source(env, content)[0])  # type: ignore
  File "/home/airflow/.local/lib/python3.7/site-packages/jinja2/loaders.py", line 218, in get_source
    raise TemplateNotFound(template)
jinja2.exceptions.TemplateNotFound: sql/migrations/001_initial_schema.sql
[2025-07-06T12:05:33.215+0000] {processor.py:836} INFO - DAG(s) dict_keys(['online_retail_etl']) retrieved from /opt/airflow/dags/online_retail_etl.py
[2025-07-06T12:05:33.251+0000] {logging_mixin.py:150} INFO - [2025-07-06T12:05:33.251+0000] {dag.py:2742} INFO - Sync 1 DAGs
[2025-07-06T12:05:33.338+0000] {logging_mixin.py:150} INFO - [2025-07-06T12:05:33.338+0000] {dag.py:3508} INFO - Setting next_dagrun for online_retail_etl to 2025-07-05T00:00:00+00:00, run_after=2025-07-06T00:00:00+00:00
[2025-07-06T12:05:33.354+0000] {processor.py:179} INFO - Processing /opt/airflow/dags/online_retail_etl.py took 0.174 seconds
[2025-07-06T12:06:03.472+0000] {processor.py:157} INFO - Started process (PID=46) to work on /opt/airflow/dags/online_retail_etl.py
[2025-07-06T12:06:03.474+0000] {processor.py:826} INFO - Processing file /opt/airflow/dags/online_retail_etl.py for tasks to queue
[2025-07-06T12:06:03.476+0000] {logging_mixin.py:150} INFO - [2025-07-06T12:06:03.475+0000] {dagbag.py:541} INFO - Filling up the DagBag from /opt/airflow/dags/online_retail_etl.py
[2025-07-06T12:06:03.553+0000] {logging_mixin.py:150} INFO - [2025-07-06T12:06:03.550+0000] {templater.py:77} ERROR - Failed to resolve template field 'sql'
Traceback (most recent call last):
  File "/home/airflow/.local/lib/python3.7/site-packages/airflow/template/templater.py", line 75, in resolve_template_files
    setattr(self, field, env.loader.get_source(env, content)[0])  # type: ignore
  File "/home/airflow/.local/lib/python3.7/site-packages/jinja2/loaders.py", line 218, in get_source
    raise TemplateNotFound(template)
jinja2.exceptions.TemplateNotFound: sql/migrations/001_initial_schema.sql
[2025-07-06T12:06:03.560+0000] {processor.py:836} INFO - DAG(s) dict_keys(['online_retail_etl']) retrieved from /opt/airflow/dags/online_retail_etl.py
[2025-07-06T12:06:03.599+0000] {logging_mixin.py:150} INFO - [2025-07-06T12:06:03.599+0000] {dag.py:2742} INFO - Sync 1 DAGs
[2025-07-06T12:06:03.671+0000] {logging_mixin.py:150} INFO - [2025-07-06T12:06:03.670+0000] {dag.py:3508} INFO - Setting next_dagrun for online_retail_etl to 2025-07-05T00:00:00+00:00, run_after=2025-07-06T00:00:00+00:00
[2025-07-06T12:06:03.683+0000] {processor.py:179} INFO - Processing /opt/airflow/dags/online_retail_etl.py took 0.217 seconds
[2025-07-06T12:06:33.864+0000] {processor.py:157} INFO - Started process (PID=47) to work on /opt/airflow/dags/online_retail_etl.py
[2025-07-06T12:06:33.866+0000] {processor.py:826} INFO - Processing file /opt/airflow/dags/online_retail_etl.py for tasks to queue
[2025-07-06T12:06:33.867+0000] {logging_mixin.py:150} INFO - [2025-07-06T12:06:33.867+0000] {dagbag.py:541} INFO - Filling up the DagBag from /opt/airflow/dags/online_retail_etl.py
[2025-07-06T12:06:33.921+0000] {logging_mixin.py:150} INFO - [2025-07-06T12:06:33.920+0000] {templater.py:77} ERROR - Failed to resolve template field 'sql'
Traceback (most recent call last):
  File "/home/airflow/.local/lib/python3.7/site-packages/airflow/template/templater.py", line 75, in resolve_template_files
    setattr(self, field, env.loader.get_source(env, content)[0])  # type: ignore
  File "/home/airflow/.local/lib/python3.7/site-packages/jinja2/loaders.py", line 218, in get_source
    raise TemplateNotFound(template)
jinja2.exceptions.TemplateNotFound: sql/migrations/001_initial_schema.sql
[2025-07-06T12:06:33.926+0000] {processor.py:836} INFO - DAG(s) dict_keys(['online_retail_etl']) retrieved from /opt/airflow/dags/online_retail_etl.py
[2025-07-06T12:06:33.958+0000] {logging_mixin.py:150} INFO - [2025-07-06T12:06:33.958+0000] {dag.py:2742} INFO - Sync 1 DAGs
[2025-07-06T12:06:33.986+0000] {logging_mixin.py:150} INFO - [2025-07-06T12:06:33.985+0000] {dag.py:3508} INFO - Setting next_dagrun for online_retail_etl to 2025-07-05T00:00:00+00:00, run_after=2025-07-06T00:00:00+00:00
[2025-07-06T12:06:33.999+0000] {processor.py:179} INFO - Processing /opt/airflow/dags/online_retail_etl.py took 0.140 seconds
[2025-07-06T12:07:04.197+0000] {processor.py:157} INFO - Started process (PID=48) to work on /opt/airflow/dags/online_retail_etl.py
[2025-07-06T12:07:04.198+0000] {processor.py:826} INFO - Processing file /opt/airflow/dags/online_retail_etl.py for tasks to queue
[2025-07-06T12:07:04.201+0000] {logging_mixin.py:150} INFO - [2025-07-06T12:07:04.200+0000] {dagbag.py:541} INFO - Filling up the DagBag from /opt/airflow/dags/online_retail_etl.py
[2025-07-06T12:07:04.233+0000] {logging_mixin.py:150} INFO - [2025-07-06T12:07:04.232+0000] {templater.py:77} ERROR - Failed to resolve template field 'sql'
Traceback (most recent call last):
  File "/home/airflow/.local/lib/python3.7/site-packages/airflow/template/templater.py", line 75, in resolve_template_files
    setattr(self, field, env.loader.get_source(env, content)[0])  # type: ignore
  File "/home/airflow/.local/lib/python3.7/site-packages/jinja2/loaders.py", line 218, in get_source
    raise TemplateNotFound(template)
jinja2.exceptions.TemplateNotFound: sql/migrations/001_initial_schema.sql
[2025-07-06T12:07:04.237+0000] {processor.py:836} INFO - DAG(s) dict_keys(['online_retail_etl']) retrieved from /opt/airflow/dags/online_retail_etl.py
[2025-07-06T12:07:04.289+0000] {logging_mixin.py:150} INFO - [2025-07-06T12:07:04.289+0000] {dag.py:2742} INFO - Sync 1 DAGs
[2025-07-06T12:07:04.310+0000] {logging_mixin.py:150} INFO - [2025-07-06T12:07:04.309+0000] {dag.py:3508} INFO - Setting next_dagrun for online_retail_etl to 2025-07-05T00:00:00+00:00, run_after=2025-07-06T00:00:00+00:00
[2025-07-06T12:07:04.332+0000] {processor.py:179} INFO - Processing /opt/airflow/dags/online_retail_etl.py took 0.145 seconds
[2025-07-06T12:07:34.457+0000] {processor.py:157} INFO - Started process (PID=49) to work on /opt/airflow/dags/online_retail_etl.py
[2025-07-06T12:07:34.458+0000] {processor.py:826} INFO - Processing file /opt/airflow/dags/online_retail_etl.py for tasks to queue
[2025-07-06T12:07:34.460+0000] {logging_mixin.py:150} INFO - [2025-07-06T12:07:34.459+0000] {dagbag.py:541} INFO - Filling up the DagBag from /opt/airflow/dags/online_retail_etl.py
[2025-07-06T12:07:34.495+0000] {logging_mixin.py:150} INFO - [2025-07-06T12:07:34.493+0000] {templater.py:77} ERROR - Failed to resolve template field 'sql'
Traceback (most recent call last):
  File "/home/airflow/.local/lib/python3.7/site-packages/airflow/template/templater.py", line 75, in resolve_template_files
    setattr(self, field, env.loader.get_source(env, content)[0])  # type: ignore
  File "/home/airflow/.local/lib/python3.7/site-packages/jinja2/loaders.py", line 218, in get_source
    raise TemplateNotFound(template)
jinja2.exceptions.TemplateNotFound: sql/migrations/001_initial_schema.sql
[2025-07-06T12:07:34.499+0000] {processor.py:836} INFO - DAG(s) dict_keys(['online_retail_etl']) retrieved from /opt/airflow/dags/online_retail_etl.py
[2025-07-06T12:07:34.527+0000] {logging_mixin.py:150} INFO - [2025-07-06T12:07:34.527+0000] {dag.py:2742} INFO - Sync 1 DAGs
[2025-07-06T12:07:34.550+0000] {logging_mixin.py:150} INFO - [2025-07-06T12:07:34.550+0000] {dag.py:3508} INFO - Setting next_dagrun for online_retail_etl to 2025-07-05T00:00:00+00:00, run_after=2025-07-06T00:00:00+00:00
[2025-07-06T12:07:34.572+0000] {processor.py:179} INFO - Processing /opt/airflow/dags/online_retail_etl.py took 0.122 seconds
[2025-07-06T12:08:04.937+0000] {processor.py:157} INFO - Started process (PID=50) to work on /opt/airflow/dags/online_retail_etl.py
[2025-07-06T12:08:04.938+0000] {processor.py:826} INFO - Processing file /opt/airflow/dags/online_retail_etl.py for tasks to queue
[2025-07-06T12:08:04.940+0000] {logging_mixin.py:150} INFO - [2025-07-06T12:08:04.939+0000] {dagbag.py:541} INFO - Filling up the DagBag from /opt/airflow/dags/online_retail_etl.py
[2025-07-06T12:08:04.973+0000] {logging_mixin.py:150} INFO - [2025-07-06T12:08:04.972+0000] {templater.py:77} ERROR - Failed to resolve template field 'sql'
Traceback (most recent call last):
  File "/home/airflow/.local/lib/python3.7/site-packages/airflow/template/templater.py", line 75, in resolve_template_files
    setattr(self, field, env.loader.get_source(env, content)[0])  # type: ignore
  File "/home/airflow/.local/lib/python3.7/site-packages/jinja2/loaders.py", line 218, in get_source
    raise TemplateNotFound(template)
jinja2.exceptions.TemplateNotFound: sql/migrations/001_initial_schema.sql
[2025-07-06T12:08:04.978+0000] {processor.py:836} INFO - DAG(s) dict_keys(['online_retail_etl']) retrieved from /opt/airflow/dags/online_retail_etl.py
[2025-07-06T12:08:05.008+0000] {logging_mixin.py:150} INFO - [2025-07-06T12:08:05.008+0000] {dag.py:2742} INFO - Sync 1 DAGs
[2025-07-06T12:08:05.026+0000] {logging_mixin.py:150} INFO - [2025-07-06T12:08:05.026+0000] {dag.py:3508} INFO - Setting next_dagrun for online_retail_etl to 2025-07-05T00:00:00+00:00, run_after=2025-07-06T00:00:00+00:00
[2025-07-06T12:08:05.037+0000] {processor.py:179} INFO - Processing /opt/airflow/dags/online_retail_etl.py took 0.105 seconds
[2025-07-06T12:08:35.293+0000] {processor.py:157} INFO - Started process (PID=51) to work on /opt/airflow/dags/online_retail_etl.py
[2025-07-06T12:08:35.294+0000] {processor.py:826} INFO - Processing file /opt/airflow/dags/online_retail_etl.py for tasks to queue
[2025-07-06T12:08:35.296+0000] {logging_mixin.py:150} INFO - [2025-07-06T12:08:35.295+0000] {dagbag.py:541} INFO - Filling up the DagBag from /opt/airflow/dags/online_retail_etl.py
[2025-07-06T12:08:35.345+0000] {logging_mixin.py:150} INFO - [2025-07-06T12:08:35.343+0000] {templater.py:77} ERROR - Failed to resolve template field 'sql'
Traceback (most recent call last):
  File "/home/airflow/.local/lib/python3.7/site-packages/airflow/template/templater.py", line 75, in resolve_template_files
    setattr(self, field, env.loader.get_source(env, content)[0])  # type: ignore
  File "/home/airflow/.local/lib/python3.7/site-packages/jinja2/loaders.py", line 218, in get_source
    raise TemplateNotFound(template)
jinja2.exceptions.TemplateNotFound: sql/migrations/001_initial_schema.sql
[2025-07-06T12:08:35.350+0000] {processor.py:836} INFO - DAG(s) dict_keys(['online_retail_etl']) retrieved from /opt/airflow/dags/online_retail_etl.py
[2025-07-06T12:08:35.386+0000] {logging_mixin.py:150} INFO - [2025-07-06T12:08:35.386+0000] {dag.py:2742} INFO - Sync 1 DAGs
[2025-07-06T12:08:35.405+0000] {logging_mixin.py:150} INFO - [2025-07-06T12:08:35.405+0000] {dag.py:3508} INFO - Setting next_dagrun for online_retail_etl to 2025-07-05T00:00:00+00:00, run_after=2025-07-06T00:00:00+00:00
[2025-07-06T12:08:35.416+0000] {processor.py:179} INFO - Processing /opt/airflow/dags/online_retail_etl.py took 0.129 seconds
[2025-07-06T12:09:05.704+0000] {processor.py:157} INFO - Started process (PID=52) to work on /opt/airflow/dags/online_retail_etl.py
[2025-07-06T12:09:05.705+0000] {processor.py:826} INFO - Processing file /opt/airflow/dags/online_retail_etl.py for tasks to queue
[2025-07-06T12:09:05.706+0000] {logging_mixin.py:150} INFO - [2025-07-06T12:09:05.706+0000] {dagbag.py:541} INFO - Filling up the DagBag from /opt/airflow/dags/online_retail_etl.py
[2025-07-06T12:09:05.738+0000] {logging_mixin.py:150} INFO - [2025-07-06T12:09:05.735+0000] {templater.py:77} ERROR - Failed to resolve template field 'sql'
Traceback (most recent call last):
  File "/home/airflow/.local/lib/python3.7/site-packages/airflow/template/templater.py", line 75, in resolve_template_files
    setattr(self, field, env.loader.get_source(env, content)[0])  # type: ignore
  File "/home/airflow/.local/lib/python3.7/site-packages/jinja2/loaders.py", line 218, in get_source
    raise TemplateNotFound(template)
jinja2.exceptions.TemplateNotFound: sql/migrations/001_initial_schema.sql
[2025-07-06T12:09:05.750+0000] {processor.py:836} INFO - DAG(s) dict_keys(['online_retail_etl']) retrieved from /opt/airflow/dags/online_retail_etl.py
[2025-07-06T12:09:05.783+0000] {logging_mixin.py:150} INFO - [2025-07-06T12:09:05.783+0000] {dag.py:2742} INFO - Sync 1 DAGs
[2025-07-06T12:09:05.800+0000] {logging_mixin.py:150} INFO - [2025-07-06T12:09:05.800+0000] {dag.py:3508} INFO - Setting next_dagrun for online_retail_etl to 2025-07-05T00:00:00+00:00, run_after=2025-07-06T00:00:00+00:00
[2025-07-06T12:09:05.810+0000] {processor.py:179} INFO - Processing /opt/airflow/dags/online_retail_etl.py took 0.110 seconds
[2025-07-06T12:09:36.020+0000] {processor.py:157} INFO - Started process (PID=53) to work on /opt/airflow/dags/online_retail_etl.py
[2025-07-06T12:09:36.021+0000] {processor.py:826} INFO - Processing file /opt/airflow/dags/online_retail_etl.py for tasks to queue
[2025-07-06T12:09:36.022+0000] {logging_mixin.py:150} INFO - [2025-07-06T12:09:36.022+0000] {dagbag.py:541} INFO - Filling up the DagBag from /opt/airflow/dags/online_retail_etl.py
[2025-07-06T12:09:36.053+0000] {logging_mixin.py:150} INFO - [2025-07-06T12:09:36.051+0000] {templater.py:77} ERROR - Failed to resolve template field 'sql'
Traceback (most recent call last):
  File "/home/airflow/.local/lib/python3.7/site-packages/airflow/template/templater.py", line 75, in resolve_template_files
    setattr(self, field, env.loader.get_source(env, content)[0])  # type: ignore
  File "/home/airflow/.local/lib/python3.7/site-packages/jinja2/loaders.py", line 218, in get_source
    raise TemplateNotFound(template)
jinja2.exceptions.TemplateNotFound: sql/migrations/001_initial_schema.sql
[2025-07-06T12:09:36.057+0000] {processor.py:836} INFO - DAG(s) dict_keys(['online_retail_etl']) retrieved from /opt/airflow/dags/online_retail_etl.py
[2025-07-06T12:09:36.082+0000] {logging_mixin.py:150} INFO - [2025-07-06T12:09:36.082+0000] {dag.py:2742} INFO - Sync 1 DAGs
[2025-07-06T12:09:36.099+0000] {logging_mixin.py:150} INFO - [2025-07-06T12:09:36.099+0000] {dag.py:3508} INFO - Setting next_dagrun for online_retail_etl to 2025-07-05T00:00:00+00:00, run_after=2025-07-06T00:00:00+00:00
[2025-07-06T12:09:36.111+0000] {processor.py:179} INFO - Processing /opt/airflow/dags/online_retail_etl.py took 0.095 seconds
[2025-07-06T12:10:06.434+0000] {processor.py:157} INFO - Started process (PID=54) to work on /opt/airflow/dags/online_retail_etl.py
[2025-07-06T12:10:06.435+0000] {processor.py:826} INFO - Processing file /opt/airflow/dags/online_retail_etl.py for tasks to queue
[2025-07-06T12:10:06.437+0000] {logging_mixin.py:150} INFO - [2025-07-06T12:10:06.436+0000] {dagbag.py:541} INFO - Filling up the DagBag from /opt/airflow/dags/online_retail_etl.py
[2025-07-06T12:10:06.462+0000] {logging_mixin.py:150} INFO - [2025-07-06T12:10:06.461+0000] {templater.py:77} ERROR - Failed to resolve template field 'sql'
Traceback (most recent call last):
  File "/home/airflow/.local/lib/python3.7/site-packages/airflow/template/templater.py", line 75, in resolve_template_files
    setattr(self, field, env.loader.get_source(env, content)[0])  # type: ignore
  File "/home/airflow/.local/lib/python3.7/site-packages/jinja2/loaders.py", line 218, in get_source
    raise TemplateNotFound(template)
jinja2.exceptions.TemplateNotFound: sql/migrations/001_initial_schema.sql
[2025-07-06T12:10:06.466+0000] {processor.py:836} INFO - DAG(s) dict_keys(['online_retail_etl']) retrieved from /opt/airflow/dags/online_retail_etl.py
[2025-07-06T12:10:06.493+0000] {logging_mixin.py:150} INFO - [2025-07-06T12:10:06.493+0000] {dag.py:2742} INFO - Sync 1 DAGs
[2025-07-06T12:10:06.522+0000] {logging_mixin.py:150} INFO - [2025-07-06T12:10:06.522+0000] {dag.py:3508} INFO - Setting next_dagrun for online_retail_etl to 2025-07-05T00:00:00+00:00, run_after=2025-07-06T00:00:00+00:00
[2025-07-06T12:10:06.533+0000] {processor.py:179} INFO - Processing /opt/airflow/dags/online_retail_etl.py took 0.104 seconds
[2025-07-06T12:10:36.798+0000] {processor.py:157} INFO - Started process (PID=55) to work on /opt/airflow/dags/online_retail_etl.py
[2025-07-06T12:10:36.799+0000] {processor.py:826} INFO - Processing file /opt/airflow/dags/online_retail_etl.py for tasks to queue
[2025-07-06T12:10:36.800+0000] {logging_mixin.py:150} INFO - [2025-07-06T12:10:36.800+0000] {dagbag.py:541} INFO - Filling up the DagBag from /opt/airflow/dags/online_retail_etl.py
[2025-07-06T12:10:36.817+0000] {logging_mixin.py:150} INFO - [2025-07-06T12:10:36.816+0000] {templater.py:77} ERROR - Failed to resolve template field 'sql'
Traceback (most recent call last):
  File "/home/airflow/.local/lib/python3.7/site-packages/airflow/template/templater.py", line 75, in resolve_template_files
    setattr(self, field, env.loader.get_source(env, content)[0])  # type: ignore
  File "/home/airflow/.local/lib/python3.7/site-packages/jinja2/loaders.py", line 218, in get_source
    raise TemplateNotFound(template)
jinja2.exceptions.TemplateNotFound: sql/migrations/001_initial_schema.sql
[2025-07-06T12:10:36.821+0000] {processor.py:836} INFO - DAG(s) dict_keys(['online_retail_etl']) retrieved from /opt/airflow/dags/online_retail_etl.py
[2025-07-06T12:10:36.851+0000] {logging_mixin.py:150} INFO - [2025-07-06T12:10:36.851+0000] {dag.py:2742} INFO - Sync 1 DAGs
[2025-07-06T12:10:36.882+0000] {logging_mixin.py:150} INFO - [2025-07-06T12:10:36.882+0000] {dag.py:3508} INFO - Setting next_dagrun for online_retail_etl to 2025-07-05T00:00:00+00:00, run_after=2025-07-06T00:00:00+00:00
[2025-07-06T12:10:36.893+0000] {processor.py:179} INFO - Processing /opt/airflow/dags/online_retail_etl.py took 0.099 seconds
[2025-07-06T12:11:07.159+0000] {processor.py:157} INFO - Started process (PID=56) to work on /opt/airflow/dags/online_retail_etl.py
[2025-07-06T12:11:07.160+0000] {processor.py:826} INFO - Processing file /opt/airflow/dags/online_retail_etl.py for tasks to queue
[2025-07-06T12:11:07.162+0000] {logging_mixin.py:150} INFO - [2025-07-06T12:11:07.161+0000] {dagbag.py:541} INFO - Filling up the DagBag from /opt/airflow/dags/online_retail_etl.py
[2025-07-06T12:11:07.187+0000] {logging_mixin.py:150} INFO - [2025-07-06T12:11:07.186+0000] {templater.py:77} ERROR - Failed to resolve template field 'sql'
Traceback (most recent call last):
  File "/home/airflow/.local/lib/python3.7/site-packages/airflow/template/templater.py", line 75, in resolve_template_files
    setattr(self, field, env.loader.get_source(env, content)[0])  # type: ignore
  File "/home/airflow/.local/lib/python3.7/site-packages/jinja2/loaders.py", line 218, in get_source
    raise TemplateNotFound(template)
jinja2.exceptions.TemplateNotFound: sql/migrations/001_initial_schema.sql
[2025-07-06T12:11:07.191+0000] {processor.py:836} INFO - DAG(s) dict_keys(['online_retail_etl']) retrieved from /opt/airflow/dags/online_retail_etl.py
[2025-07-06T12:11:07.217+0000] {logging_mixin.py:150} INFO - [2025-07-06T12:11:07.217+0000] {dag.py:2742} INFO - Sync 1 DAGs
[2025-07-06T12:11:07.248+0000] {logging_mixin.py:150} INFO - [2025-07-06T12:11:07.248+0000] {dag.py:3508} INFO - Setting next_dagrun for online_retail_etl to 2025-07-05T00:00:00+00:00, run_after=2025-07-06T00:00:00+00:00
[2025-07-06T12:11:07.259+0000] {processor.py:179} INFO - Processing /opt/airflow/dags/online_retail_etl.py took 0.105 seconds
[2025-07-06T12:11:37.515+0000] {processor.py:157} INFO - Started process (PID=57) to work on /opt/airflow/dags/online_retail_etl.py
[2025-07-06T12:11:37.516+0000] {processor.py:826} INFO - Processing file /opt/airflow/dags/online_retail_etl.py for tasks to queue
[2025-07-06T12:11:37.517+0000] {logging_mixin.py:150} INFO - [2025-07-06T12:11:37.517+0000] {dagbag.py:541} INFO - Filling up the DagBag from /opt/airflow/dags/online_retail_etl.py
[2025-07-06T12:11:37.537+0000] {logging_mixin.py:150} INFO - [2025-07-06T12:11:37.536+0000] {templater.py:77} ERROR - Failed to resolve template field 'sql'
Traceback (most recent call last):
  File "/home/airflow/.local/lib/python3.7/site-packages/airflow/template/templater.py", line 75, in resolve_template_files
    setattr(self, field, env.loader.get_source(env, content)[0])  # type: ignore
  File "/home/airflow/.local/lib/python3.7/site-packages/jinja2/loaders.py", line 218, in get_source
    raise TemplateNotFound(template)
jinja2.exceptions.TemplateNotFound: sql/migrations/001_initial_schema.sql
[2025-07-06T12:11:37.541+0000] {processor.py:836} INFO - DAG(s) dict_keys(['online_retail_etl']) retrieved from /opt/airflow/dags/online_retail_etl.py
[2025-07-06T12:11:37.565+0000] {logging_mixin.py:150} INFO - [2025-07-06T12:11:37.565+0000] {dag.py:2742} INFO - Sync 1 DAGs
[2025-07-06T12:11:37.581+0000] {logging_mixin.py:150} INFO - [2025-07-06T12:11:37.581+0000] {dag.py:3508} INFO - Setting next_dagrun for online_retail_etl to 2025-07-05T00:00:00+00:00, run_after=2025-07-06T00:00:00+00:00
[2025-07-06T12:11:37.592+0000] {processor.py:179} INFO - Processing /opt/airflow/dags/online_retail_etl.py took 0.082 seconds
[2025-07-06T12:12:07.871+0000] {processor.py:157} INFO - Started process (PID=58) to work on /opt/airflow/dags/online_retail_etl.py
[2025-07-06T12:12:07.872+0000] {processor.py:826} INFO - Processing file /opt/airflow/dags/online_retail_etl.py for tasks to queue
[2025-07-06T12:12:07.874+0000] {logging_mixin.py:150} INFO - [2025-07-06T12:12:07.873+0000] {dagbag.py:541} INFO - Filling up the DagBag from /opt/airflow/dags/online_retail_etl.py
[2025-07-06T12:12:07.898+0000] {logging_mixin.py:150} INFO - [2025-07-06T12:12:07.897+0000] {templater.py:77} ERROR - Failed to resolve template field 'sql'
Traceback (most recent call last):
  File "/home/airflow/.local/lib/python3.7/site-packages/airflow/template/templater.py", line 75, in resolve_template_files
    setattr(self, field, env.loader.get_source(env, content)[0])  # type: ignore
  File "/home/airflow/.local/lib/python3.7/site-packages/jinja2/loaders.py", line 218, in get_source
    raise TemplateNotFound(template)
jinja2.exceptions.TemplateNotFound: sql/migrations/001_initial_schema.sql
[2025-07-06T12:12:07.902+0000] {processor.py:836} INFO - DAG(s) dict_keys(['online_retail_etl']) retrieved from /opt/airflow/dags/online_retail_etl.py
[2025-07-06T12:12:07.928+0000] {logging_mixin.py:150} INFO - [2025-07-06T12:12:07.928+0000] {dag.py:2742} INFO - Sync 1 DAGs
[2025-07-06T12:12:07.946+0000] {logging_mixin.py:150} INFO - [2025-07-06T12:12:07.946+0000] {dag.py:3508} INFO - Setting next_dagrun for online_retail_etl to 2025-07-05T00:00:00+00:00, run_after=2025-07-06T00:00:00+00:00
[2025-07-06T12:12:07.966+0000] {processor.py:179} INFO - Processing /opt/airflow/dags/online_retail_etl.py took 0.100 seconds
[2025-07-06T12:12:38.267+0000] {processor.py:157} INFO - Started process (PID=59) to work on /opt/airflow/dags/online_retail_etl.py
[2025-07-06T12:12:38.272+0000] {processor.py:826} INFO - Processing file /opt/airflow/dags/online_retail_etl.py for tasks to queue
[2025-07-06T12:12:38.282+0000] {logging_mixin.py:150} INFO - [2025-07-06T12:12:38.281+0000] {dagbag.py:541} INFO - Filling up the DagBag from /opt/airflow/dags/online_retail_etl.py
[2025-07-06T12:12:38.309+0000] {logging_mixin.py:150} INFO - [2025-07-06T12:12:38.308+0000] {templater.py:77} ERROR - Failed to resolve template field 'sql'
Traceback (most recent call last):
  File "/home/airflow/.local/lib/python3.7/site-packages/airflow/template/templater.py", line 75, in resolve_template_files
    setattr(self, field, env.loader.get_source(env, content)[0])  # type: ignore
  File "/home/airflow/.local/lib/python3.7/site-packages/jinja2/loaders.py", line 218, in get_source
    raise TemplateNotFound(template)
jinja2.exceptions.TemplateNotFound: sql/migrations/001_initial_schema.sql
[2025-07-06T12:12:38.314+0000] {processor.py:836} INFO - DAG(s) dict_keys(['online_retail_etl']) retrieved from /opt/airflow/dags/online_retail_etl.py
[2025-07-06T12:12:38.347+0000] {logging_mixin.py:150} INFO - [2025-07-06T12:12:38.347+0000] {dag.py:2742} INFO - Sync 1 DAGs
[2025-07-06T12:12:38.366+0000] {logging_mixin.py:150} INFO - [2025-07-06T12:12:38.366+0000] {dag.py:3508} INFO - Setting next_dagrun for online_retail_etl to 2025-07-05T00:00:00+00:00, run_after=2025-07-06T00:00:00+00:00
[2025-07-06T12:12:38.378+0000] {processor.py:179} INFO - Processing /opt/airflow/dags/online_retail_etl.py took 0.117 seconds
[2025-07-06T12:13:08.605+0000] {processor.py:157} INFO - Started process (PID=60) to work on /opt/airflow/dags/online_retail_etl.py
[2025-07-06T12:13:08.607+0000] {processor.py:826} INFO - Processing file /opt/airflow/dags/online_retail_etl.py for tasks to queue
[2025-07-06T12:13:08.608+0000] {logging_mixin.py:150} INFO - [2025-07-06T12:13:08.607+0000] {dagbag.py:541} INFO - Filling up the DagBag from /opt/airflow/dags/online_retail_etl.py
[2025-07-06T12:13:08.643+0000] {logging_mixin.py:150} INFO - [2025-07-06T12:13:08.639+0000] {templater.py:77} ERROR - Failed to resolve template field 'sql'
Traceback (most recent call last):
  File "/home/airflow/.local/lib/python3.7/site-packages/airflow/template/templater.py", line 75, in resolve_template_files
    setattr(self, field, env.loader.get_source(env, content)[0])  # type: ignore
  File "/home/airflow/.local/lib/python3.7/site-packages/jinja2/loaders.py", line 218, in get_source
    raise TemplateNotFound(template)
jinja2.exceptions.TemplateNotFound: sql/migrations/001_initial_schema.sql
[2025-07-06T12:13:08.647+0000] {processor.py:836} INFO - DAG(s) dict_keys(['online_retail_etl']) retrieved from /opt/airflow/dags/online_retail_etl.py
[2025-07-06T12:13:08.673+0000] {logging_mixin.py:150} INFO - [2025-07-06T12:13:08.673+0000] {dag.py:2742} INFO - Sync 1 DAGs
[2025-07-06T12:13:08.691+0000] {logging_mixin.py:150} INFO - [2025-07-06T12:13:08.691+0000] {dag.py:3508} INFO - Setting next_dagrun for online_retail_etl to 2025-07-05T00:00:00+00:00, run_after=2025-07-06T00:00:00+00:00
[2025-07-06T12:13:08.702+0000] {processor.py:179} INFO - Processing /opt/airflow/dags/online_retail_etl.py took 0.102 seconds
[2025-07-06T12:13:39.016+0000] {processor.py:157} INFO - Started process (PID=61) to work on /opt/airflow/dags/online_retail_etl.py
[2025-07-06T12:13:39.017+0000] {processor.py:826} INFO - Processing file /opt/airflow/dags/online_retail_etl.py for tasks to queue
[2025-07-06T12:13:39.019+0000] {logging_mixin.py:150} INFO - [2025-07-06T12:13:39.018+0000] {dagbag.py:541} INFO - Filling up the DagBag from /opt/airflow/dags/online_retail_etl.py
[2025-07-06T12:13:39.043+0000] {logging_mixin.py:150} INFO - [2025-07-06T12:13:39.042+0000] {templater.py:77} ERROR - Failed to resolve template field 'sql'
Traceback (most recent call last):
  File "/home/airflow/.local/lib/python3.7/site-packages/airflow/template/templater.py", line 75, in resolve_template_files
    setattr(self, field, env.loader.get_source(env, content)[0])  # type: ignore
  File "/home/airflow/.local/lib/python3.7/site-packages/jinja2/loaders.py", line 218, in get_source
    raise TemplateNotFound(template)
jinja2.exceptions.TemplateNotFound: sql/migrations/001_initial_schema.sql
[2025-07-06T12:13:39.048+0000] {processor.py:836} INFO - DAG(s) dict_keys(['online_retail_etl']) retrieved from /opt/airflow/dags/online_retail_etl.py
[2025-07-06T12:13:39.074+0000] {logging_mixin.py:150} INFO - [2025-07-06T12:13:39.074+0000] {dag.py:2742} INFO - Sync 1 DAGs
[2025-07-06T12:13:39.092+0000] {logging_mixin.py:150} INFO - [2025-07-06T12:13:39.092+0000] {dag.py:3508} INFO - Setting next_dagrun for online_retail_etl to 2025-07-05T00:00:00+00:00, run_after=2025-07-06T00:00:00+00:00
[2025-07-06T12:13:39.103+0000] {processor.py:179} INFO - Processing /opt/airflow/dags/online_retail_etl.py took 0.092 seconds
[2025-07-06T12:14:09.359+0000] {processor.py:157} INFO - Started process (PID=62) to work on /opt/airflow/dags/online_retail_etl.py
[2025-07-06T12:14:09.360+0000] {processor.py:826} INFO - Processing file /opt/airflow/dags/online_retail_etl.py for tasks to queue
[2025-07-06T12:14:09.361+0000] {logging_mixin.py:150} INFO - [2025-07-06T12:14:09.361+0000] {dagbag.py:541} INFO - Filling up the DagBag from /opt/airflow/dags/online_retail_etl.py
[2025-07-06T12:14:09.380+0000] {logging_mixin.py:150} INFO - [2025-07-06T12:14:09.379+0000] {templater.py:77} ERROR - Failed to resolve template field 'sql'
Traceback (most recent call last):
  File "/home/airflow/.local/lib/python3.7/site-packages/airflow/template/templater.py", line 75, in resolve_template_files
    setattr(self, field, env.loader.get_source(env, content)[0])  # type: ignore
  File "/home/airflow/.local/lib/python3.7/site-packages/jinja2/loaders.py", line 218, in get_source
    raise TemplateNotFound(template)
jinja2.exceptions.TemplateNotFound: sql/migrations/001_initial_schema.sql
[2025-07-06T12:14:09.384+0000] {processor.py:836} INFO - DAG(s) dict_keys(['online_retail_etl']) retrieved from /opt/airflow/dags/online_retail_etl.py
[2025-07-06T12:14:09.422+0000] {logging_mixin.py:150} INFO - [2025-07-06T12:14:09.422+0000] {dag.py:2742} INFO - Sync 1 DAGs
[2025-07-06T12:14:09.440+0000] {logging_mixin.py:150} INFO - [2025-07-06T12:14:09.440+0000] {dag.py:3508} INFO - Setting next_dagrun for online_retail_etl to 2025-07-05T00:00:00+00:00, run_after=2025-07-06T00:00:00+00:00
[2025-07-06T12:14:09.451+0000] {processor.py:179} INFO - Processing /opt/airflow/dags/online_retail_etl.py took 0.096 seconds
[2025-07-06T12:14:39.722+0000] {processor.py:157} INFO - Started process (PID=63) to work on /opt/airflow/dags/online_retail_etl.py
[2025-07-06T12:14:39.724+0000] {processor.py:826} INFO - Processing file /opt/airflow/dags/online_retail_etl.py for tasks to queue
[2025-07-06T12:14:39.725+0000] {logging_mixin.py:150} INFO - [2025-07-06T12:14:39.725+0000] {dagbag.py:541} INFO - Filling up the DagBag from /opt/airflow/dags/online_retail_etl.py
[2025-07-06T12:14:39.770+0000] {logging_mixin.py:150} INFO - [2025-07-06T12:14:39.768+0000] {templater.py:77} ERROR - Failed to resolve template field 'sql'
Traceback (most recent call last):
  File "/home/airflow/.local/lib/python3.7/site-packages/airflow/template/templater.py", line 75, in resolve_template_files
    setattr(self, field, env.loader.get_source(env, content)[0])  # type: ignore
  File "/home/airflow/.local/lib/python3.7/site-packages/jinja2/loaders.py", line 218, in get_source
    raise TemplateNotFound(template)
jinja2.exceptions.TemplateNotFound: sql/migrations/001_initial_schema.sql
[2025-07-06T12:14:39.775+0000] {processor.py:836} INFO - DAG(s) dict_keys(['online_retail_etl']) retrieved from /opt/airflow/dags/online_retail_etl.py
[2025-07-06T12:14:39.804+0000] {logging_mixin.py:150} INFO - [2025-07-06T12:14:39.804+0000] {dag.py:2742} INFO - Sync 1 DAGs
[2025-07-06T12:14:39.821+0000] {logging_mixin.py:150} INFO - [2025-07-06T12:14:39.821+0000] {dag.py:3508} INFO - Setting next_dagrun for online_retail_etl to 2025-07-05T00:00:00+00:00, run_after=2025-07-06T00:00:00+00:00
[2025-07-06T12:14:39.832+0000] {processor.py:179} INFO - Processing /opt/airflow/dags/online_retail_etl.py took 0.117 seconds
[2025-07-06T12:15:10.081+0000] {processor.py:157} INFO - Started process (PID=64) to work on /opt/airflow/dags/online_retail_etl.py
[2025-07-06T12:15:10.084+0000] {processor.py:826} INFO - Processing file /opt/airflow/dags/online_retail_etl.py for tasks to queue
[2025-07-06T12:15:10.086+0000] {logging_mixin.py:150} INFO - [2025-07-06T12:15:10.085+0000] {dagbag.py:541} INFO - Filling up the DagBag from /opt/airflow/dags/online_retail_etl.py
[2025-07-06T12:15:10.110+0000] {logging_mixin.py:150} INFO - [2025-07-06T12:15:10.109+0000] {templater.py:77} ERROR - Failed to resolve template field 'sql'
Traceback (most recent call last):
  File "/home/airflow/.local/lib/python3.7/site-packages/airflow/template/templater.py", line 75, in resolve_template_files
    setattr(self, field, env.loader.get_source(env, content)[0])  # type: ignore
  File "/home/airflow/.local/lib/python3.7/site-packages/jinja2/loaders.py", line 218, in get_source
    raise TemplateNotFound(template)
jinja2.exceptions.TemplateNotFound: sql/migrations/001_initial_schema.sql
[2025-07-06T12:15:10.115+0000] {processor.py:836} INFO - DAG(s) dict_keys(['online_retail_etl']) retrieved from /opt/airflow/dags/online_retail_etl.py
[2025-07-06T12:15:10.152+0000] {logging_mixin.py:150} INFO - [2025-07-06T12:15:10.152+0000] {dag.py:2742} INFO - Sync 1 DAGs
[2025-07-06T12:15:10.170+0000] {logging_mixin.py:150} INFO - [2025-07-06T12:15:10.170+0000] {dag.py:3508} INFO - Setting next_dagrun for online_retail_etl to 2025-07-05T00:00:00+00:00, run_after=2025-07-06T00:00:00+00:00
[2025-07-06T12:15:10.182+0000] {processor.py:179} INFO - Processing /opt/airflow/dags/online_retail_etl.py took 0.108 seconds
[2025-07-06T12:15:40.436+0000] {processor.py:157} INFO - Started process (PID=65) to work on /opt/airflow/dags/online_retail_etl.py
[2025-07-06T12:15:40.437+0000] {processor.py:826} INFO - Processing file /opt/airflow/dags/online_retail_etl.py for tasks to queue
[2025-07-06T12:15:40.439+0000] {logging_mixin.py:150} INFO - [2025-07-06T12:15:40.438+0000] {dagbag.py:541} INFO - Filling up the DagBag from /opt/airflow/dags/online_retail_etl.py
[2025-07-06T12:15:40.463+0000] {logging_mixin.py:150} INFO - [2025-07-06T12:15:40.462+0000] {templater.py:77} ERROR - Failed to resolve template field 'sql'
Traceback (most recent call last):
  File "/home/airflow/.local/lib/python3.7/site-packages/airflow/template/templater.py", line 75, in resolve_template_files
    setattr(self, field, env.loader.get_source(env, content)[0])  # type: ignore
  File "/home/airflow/.local/lib/python3.7/site-packages/jinja2/loaders.py", line 218, in get_source
    raise TemplateNotFound(template)
jinja2.exceptions.TemplateNotFound: sql/migrations/001_initial_schema.sql
[2025-07-06T12:15:40.468+0000] {processor.py:836} INFO - DAG(s) dict_keys(['online_retail_etl']) retrieved from /opt/airflow/dags/online_retail_etl.py
[2025-07-06T12:15:40.493+0000] {logging_mixin.py:150} INFO - [2025-07-06T12:15:40.493+0000] {dag.py:2742} INFO - Sync 1 DAGs
[2025-07-06T12:15:40.520+0000] {logging_mixin.py:150} INFO - [2025-07-06T12:15:40.520+0000] {dag.py:3508} INFO - Setting next_dagrun for online_retail_etl to 2025-07-05T00:00:00+00:00, run_after=2025-07-06T00:00:00+00:00
[2025-07-06T12:15:40.531+0000] {processor.py:179} INFO - Processing /opt/airflow/dags/online_retail_etl.py took 0.099 seconds
[2025-07-06T12:16:10.846+0000] {processor.py:157} INFO - Started process (PID=66) to work on /opt/airflow/dags/online_retail_etl.py
[2025-07-06T12:16:10.847+0000] {processor.py:826} INFO - Processing file /opt/airflow/dags/online_retail_etl.py for tasks to queue
[2025-07-06T12:16:10.849+0000] {logging_mixin.py:150} INFO - [2025-07-06T12:16:10.848+0000] {dagbag.py:541} INFO - Filling up the DagBag from /opt/airflow/dags/online_retail_etl.py
[2025-07-06T12:16:10.890+0000] {logging_mixin.py:150} INFO - [2025-07-06T12:16:10.887+0000] {templater.py:77} ERROR - Failed to resolve template field 'sql'
Traceback (most recent call last):
  File "/home/airflow/.local/lib/python3.7/site-packages/airflow/template/templater.py", line 75, in resolve_template_files
    setattr(self, field, env.loader.get_source(env, content)[0])  # type: ignore
  File "/home/airflow/.local/lib/python3.7/site-packages/jinja2/loaders.py", line 218, in get_source
    raise TemplateNotFound(template)
jinja2.exceptions.TemplateNotFound: sql/migrations/001_initial_schema.sql
[2025-07-06T12:16:10.902+0000] {processor.py:836} INFO - DAG(s) dict_keys(['online_retail_etl']) retrieved from /opt/airflow/dags/online_retail_etl.py
[2025-07-06T12:16:10.933+0000] {logging_mixin.py:150} INFO - [2025-07-06T12:16:10.933+0000] {dag.py:2742} INFO - Sync 1 DAGs
[2025-07-06T12:16:10.952+0000] {logging_mixin.py:150} INFO - [2025-07-06T12:16:10.952+0000] {dag.py:3508} INFO - Setting next_dagrun for online_retail_etl to 2025-07-05T00:00:00+00:00, run_after=2025-07-06T00:00:00+00:00
[2025-07-06T12:16:10.963+0000] {processor.py:179} INFO - Processing /opt/airflow/dags/online_retail_etl.py took 0.122 seconds
[2025-07-06T12:16:41.199+0000] {processor.py:157} INFO - Started process (PID=67) to work on /opt/airflow/dags/online_retail_etl.py
[2025-07-06T12:16:41.200+0000] {processor.py:826} INFO - Processing file /opt/airflow/dags/online_retail_etl.py for tasks to queue
[2025-07-06T12:16:41.202+0000] {logging_mixin.py:150} INFO - [2025-07-06T12:16:41.201+0000] {dagbag.py:541} INFO - Filling up the DagBag from /opt/airflow/dags/online_retail_etl.py
[2025-07-06T12:16:41.228+0000] {logging_mixin.py:150} INFO - [2025-07-06T12:16:41.226+0000] {templater.py:77} ERROR - Failed to resolve template field 'sql'
Traceback (most recent call last):
  File "/home/airflow/.local/lib/python3.7/site-packages/airflow/template/templater.py", line 75, in resolve_template_files
    setattr(self, field, env.loader.get_source(env, content)[0])  # type: ignore
  File "/home/airflow/.local/lib/python3.7/site-packages/jinja2/loaders.py", line 218, in get_source
    raise TemplateNotFound(template)
jinja2.exceptions.TemplateNotFound: sql/migrations/001_initial_schema.sql
[2025-07-06T12:16:41.232+0000] {processor.py:836} INFO - DAG(s) dict_keys(['online_retail_etl']) retrieved from /opt/airflow/dags/online_retail_etl.py
[2025-07-06T12:16:41.262+0000] {logging_mixin.py:150} INFO - [2025-07-06T12:16:41.262+0000] {dag.py:2742} INFO - Sync 1 DAGs
[2025-07-06T12:16:41.293+0000] {logging_mixin.py:150} INFO - [2025-07-06T12:16:41.293+0000] {dag.py:3508} INFO - Setting next_dagrun for online_retail_etl to 2025-07-05T00:00:00+00:00, run_after=2025-07-06T00:00:00+00:00
[2025-07-06T12:16:41.308+0000] {processor.py:179} INFO - Processing /opt/airflow/dags/online_retail_etl.py took 0.116 seconds
